#,page,category,english_source,translation_ru,APPROVED (y/n),CORRECTION (write the corrected text here),reviewer_notes,key
1,calculators.2012-impairment-guidelines-point-system,citation,2012 Impairment Guidelines point system (§S11.4–S11.7) for cervical and lumbar nerve root SLU. The IME-friendly chart with citations on every result.,Балльная система Руководства по оценке нарушений 2012 года (§S11.4–S11.7) для SLU шейных и поясничных нервных корешков. Удобная для IME таблица со ссылками на источники для каждого результата.,,,,calculators.2012-impairment-guidelines-point-system
2,calculators.aww,citation,"§14(1) — 52-Week Divisor: For workers employed substantially the whole year, total gross earnings in the 52 weeks preceding the accident are divided by 52. This is the default method for full-time, full-year workers.","§14(1) — Делитель на 52 недели: Для работников, занятых практически весь год, общий валовой доход за 52 недели, предшествующие несчастному случаю, делится на 52. Это метод по умолчанию для работников с полной занятостью в течение всего года.",,,,calculators.aww.14-1-52-week-divisor
3,calculators.aww,citation,"§14(2) — Day-Based Multiplier: When the claimant did NOT work substantially the whole year, average annual earnings are computed by multiplying the average daily wage by a statutory multiplier based on the claimant's regular work schedule:","§14(2) — Множитель на основе дней: Когда заявитель НЕ отработал практически весь год, средний годовой доход рассчитывается путём умножения средней дневной заработной платы на установленный законом множитель, основанный на обычном графике работы заявителя:",,,,calculators.aww.14-2-day-based-multiplier
4,calculators.aww,citation,"§14 Multiplier (5-day worker): Average daily wage × 260 = average annual earnings, then ÷ 52 = AWW. Daily Wage = Total Earnings ÷ Days Worked. Then: Daily Wage × 260 ÷ 52 = AWW.","Множитель §14 (работник с 5-дневной неделей): Средняя дневная заработная плата × 260 = средний годовой доход, затем ÷ 52 = AWW. Дневная заработная плата = Общий доход ÷ Отработанные дни. Затем: Дневная заработная плата × 260 ÷ 52 = AWW.",,,,calculators.aww.14-multiplier-5-day-worker
5,calculators.aww,citation,§14 SUBD. 1,§14 ПОДРАЗД. 1,,,,calculators.aww.14-subd-1
6,calculators.aww,citation,§14 SUBD. 2,§14 ПОДРАЗД. 2,,,,calculators.aww.14-subd-2
7,calculators.aww,citation,"§14 Subdivision 1: When the claimant worked substantially the whole year, AWW = Total Earnings ÷ 52. This is the simplest method and applies to full-year, consistent employment.","§14, Подраздел 1: Когда заявитель отработал практически весь год, AWW = Общий доход ÷ 52. Это простейший метод, применимый к работе в течение полного года с постоянной занятостью.",,,,calculators.aww.14-subdivision-1-when-the
8,calculators.aww,citation,"Average Weekly Wage (AWW) is the foundation of all New York workers' compensation benefits. Under Workers' Compensation Law §14, AWW determines the compensation rate — two-thirds (2/3) of AWW, capped at the statutory maximum set annually by DFS.","Средняя недельная заработная плата (AWW) — основа всех выплат по компенсации работникам штата Нью-Йорк. Согласно Закону о компенсации работникам §14, AWW определяет ставку компенсации — две трети (2/3) от AWW, ограниченную установленным законом максимумом, устанавливаемым ежегодно DFS.",,,,calculators.aww.average-weekly-wage-aww-is
9,calculators.aww,citation,Calculate Average Weekly Wage under Workers' Compensation Law §14. Choose the applicable statutory method based on the claimant's work history.,Рассчитайте среднюю недельную заработную плату согласно Закону о компенсации работникам §14. Выберите применимый установленный законом метод на основе трудовой истории заявителя.,,,,calculators.aww.calculate-average-weekly-wage-under
10,calculators.aww,citation,"Concurrent Employment: Under §14, wages from all concurrent employment at the time of injury are combined. If the claimant held two jobs, both sets of wages are included — even if only one employer's work caused the injury.","Совмещённая занятость: Согласно §14, заработная плата от всей совмещённой занятости на момент травмы суммируется. Если заявитель работал на двух работах, учитывается заработная плата с обеих — даже если травма произошла только у одного работодателя.",,,,calculators.aww.concurrent-employment-under-14-wages
11,calculators.aww,eligibility citation,Disclaimer: This calculator is provided for informational purposes only and does not constitute legal advice. AWW calculations are based on current New York State Workers' Compensation Law §14 and Department of Financial Services regulations. The accuracy of results depends on the wages entered. Disputes over AWW may require detailed wage documentation and adjudication by the Workers' Compensation Board. Consult a qualified workers' compensation attorney for guidance on your specific case.,Отказ от ответственности: Этот калькулятор предоставляется исключительно в информационных целях и не является юридической консультацией. Расчёты AWW основаны на действующем Законе штата Нью-Йорк о компенсации работникам §14 и правилах Департамента финансовых услуг. Точность результатов зависит от введённых данных о заработной плате. Споры относительно AWW могут потребовать подробной документации о заработной плате и рассмотрения Комиссией по компенсации работникам (Workers' Compensation Board). Проконсультируйтесь с квалифицированным адвокатом по компенсации работникам для получения рекомендаций по Вашему конкретному делу.,,,,calculators.aww.disclaimer-this-calculator-is-provided
12,calculators.aww,citation,Earnings Work History (§14 Multiplier),Доход и трудовая история (множитель §14),,,,calculators.aww.earnings-work-history-14-multiplier
13,calculators.aww,citation,"Free NYS Average Weekly Wage (AWW) calculator under WCL §14. Statutory methods: 52-week divisor, 200/260/300 multiplier, straight divisor.","Бесплатный калькулятор средней недельной заработной платы (Average Weekly Wage, AWW) штата Нью-Йорк согласно WCL §14. Установленные законом методы: делитель на 52 недели, множитель 200/260/300, прямой делитель.",,,,calculators.aww.jsonld.free-nys-average-weekly-wage
14,calculators.aww,citation,Which WCL §14 method applies to me?,Какой метод WCL §14 применяется в моём случае?,,,,calculators.aww.jsonld.which-wcl-14-method-applies
15,calculators.aww,citation,Yes — AWW is based on gross earnings including overtime. Wages from concurrent employment (a second job) may also be added under WCL §14(6) when the injury disables you from both jobs.,"Да — AWW рассчитывается на основе валового дохода, включая сверхурочные. Заработок от совмещённой занятости (второй работы) также может быть добавлен согласно WCL §14(6), если травма лишает Вас трудоспособности на обеих работах.",,,,calculators.aww.jsonld.yes-aww-is-based-on
16,calculators.aww,citation,"Your AWW is your gross earnings for the 52 weeks before the injury converted to a weekly figure under WCL §14. Nearly every benefit in your case — weekly checks, SLU awards, LWEC classifications — is computed from two-thirds of it.","Ваш AWW — это Ваш валовой доход за 52 недели до травмы, переведённый в недельный показатель согласно WCL §14. Почти каждая выплата по Вашему делу — еженедельные чеки, компенсации SLU, классификации LWEC — рассчитывается как две трети от этой суммы.",,,,calculators.aww.jsonld.your-aww-is-your-gross
17,calculators.aww,citation,"Straight Divisor: AWW = Total Earnings ÷ Weeks Worked. Used by the Board when the §14 multiplier methods don't yield a fair result, or for irregular/seasonal workers, new hires, and part-year employment.","Прямой делитель: AWW = Общий доход ÷ Отработанные недели. Используется Комиссией, когда методы множителя §14 не дают справедливого результата, или для нерегулярных/сезонных работников, новых сотрудников и неполного года занятости.",,,,calculators.aww.straight-divisor-aww-total-earnings
18,calculators.aww,citation,WCL §14 — How AWW Is Calculated,WCL §14 — как рассчитывается AWW,,,,calculators.aww.wcl-14-how-aww-is
19,calculators.aww,citation,"Your AWW is your gross earnings for the 52 weeks before the injury converted to a weekly figure under WCL §14. Nearly every benefit in your case — weekly checks capped at the statutory maximum rate, Schedule Loss of Use (SLU) awards, and LWEC classifications — is computed from two-thirds of it.","Ваш AWW — это Ваш валовой доход за 52 недели до травмы, переведённый в недельный показатель согласно WCL §14. Почти каждая выплата по Вашему делу — еженедельные чеки, ограниченные установленной законом максимальной ставкой, компенсации за утрату функции конечности (SLU) и классификации LWEC — рассчитывается как две трети от этой суммы.",,,,calculators.aww.your-aww-is-your-gross
20,calculators.benefit-rate,citation,Press the Look Up Rates button. The tool instantly returns the applicable statutory weekly maximum and minimum benefit rates under WCL §25(3).,Нажмите кнопку «Найти ставки». Инструмент мгновенно выдаёт применимые установленные законом еженедельные максимальную и минимальную ставки выплат согласно WCL §25(3).,,,,calculators.benefit-rate.jsonld.press-the-look-up-rates
21,calculators.benefit-rate,eligibility,Talk to a NY workers' comp attorney. Many offer free consultations and work on contingency — you pay nothing unless you win.,"Поговорите с адвокатом по компенсации работникам Нью-Йорка. Многие предлагают бесплатные консультации и работают на условиях гонорара успеха — Вы ничего не платите, если не выиграете.",,,,calculators.benefit-rate.talk-to-a-ny-workers
22,calculators.calculate-your-aww-under-wcl,citation,"Calculate your AWW under WCL §14 and the 2/3 comp rate. Multi-employer, concurrent, and seasonal scenarios. Outputs the indemnity rate with citation.","Рассчитайте Ваш AWW согласно WCL §14 и ставку компенсации 2/3. Сценарии для нескольких работодателей, совмещённой и сезонной занятости. Выводит ставку страховой выплаты со ссылкой на источник.",,,,calculators.calculate-your-aww-under-wcl
23,calculators.ccp-award,citation,Attorney Fee (WCL §24): The fee on the award equals 15% of the moving (new money) amount. The fee on the CCP is 1/3 of the CCP dollar amount. Both are paid from claimant's award.,Гонорар адвоката (WCL §24): Гонорар с компенсации составляет 15% от суммы к перечислению (новых денег). Гонорар с CCP составляет 1/3 от суммы CCP в долларах. Оба выплачиваются из компенсации заявителя.,,,,calculators.ccp-award.attorney-fee-wcl-24-the
24,calculators.ccp-award,eligibility,"Disclaimer: This calculator is provided for informational purposes only and does not constitute legal advice. Award calculations are based on current New York State workers' compensation law and Department of Financial Services regulations. Actual awards are determined by the Workers' Compensation Board based on the specific record, medical evidence, and hearing outcomes. Consult a qualified workers' compensation attorney for guidance on your specific case.","Отказ от ответственности: Этот калькулятор предоставляется исключительно в информационных целях и не является юридической консультацией. Расчёты компенсаций основаны на действующем законодательстве штата Нью-Йорк о компенсации работникам и правилах Департамента финансовых услуг. Фактические компенсации определяются Комиссией по компенсации работникам (Workers' Compensation Board) на основе конкретных материалов дела, медицинских доказательств и результатов слушаний. Проконсультируйтесь с квалифицированным адвокатом по компенсации работникам для получения рекомендаций по Вашему конкретному делу.",,,,calculators.ccp-award.disclaimer-this-calculator-is-provided
25,calculators.ccp-award,citation,Generate a WCB fee application pre-filled with these award figures.,"Сформируйте заявление на оплату услуг WCB, предзаполненное этими данными компенсации.",,,,calculators.ccp-award.generate-a-wcb-fee-application
26,calculators.ccp-award,citation,Generate WCB fee application (Pro feature),Сформировать заявление на оплату услуг WCB (функция Pro),,,,calculators.ccp-award.generate-wcb-fee-application-pro.label
27,calculators.ccp-award,citation,"Attorney fees on accrued awards are commonly 15% of the accrued amount, subject to Workers' Compensation Board approval under WCL §24. The calculator shows the fee and the net to claimant.",Гонорары адвокатов с начисленных компенсаций обычно составляют 15% от начисленной суммы и подлежат утверждению Комиссией по компенсации работникам (Workers' Compensation Board) согласно WCL §24. Калькулятор показывает гонорар и чистую сумму для заявителя.,,,,calculators.ccp-award.jsonld.attorney-fees-on-accrued-awards
28,calculators.lwec,citation,"Attorneys are typically awarded 15 weeks multiplied by the weekly classification rate, deducted from the award and subject to Workers' Compensation Board approval under WCL §24. This calculator shows the full fee and net-to-claimant breakdown.","Адвокатам обычно присуждается сумма, равная 15 неделям, умноженным на еженедельную ставку классификации, которая вычитается из компенсации и подлежит утверждению Комиссией по компенсации работникам (Workers' Compensation Board) согласно WCL §24. Этот калькулятор показывает полную разбивку гонорара и чистой суммы для заявителя.",,,,calculators.lwec.attorneys-are-typically-awarded-15
29,calculators.lwec,eligibility,"Disclaimer: This calculator is provided for informational purposes only and does not constitute legal advice. LWEC calculations are based on current New York State workers' compensation law and Department of Financial Services regulations. The classification percentage is determined by the Workers' Compensation Board and may vary based on medical evidence, vocational evaluation, and hearing outcomes. Consult a qualified workers' compensation attorney for guidance on your specific case.","Отказ от ответственности: Этот калькулятор предоставляется исключительно в информационных целях и не является юридической консультацией. Расчёты LWEC основаны на действующем законодательстве штата Нью-Йорк о компенсации работникам и правилах Департамента финансовых услуг. Процент классификации определяется Комиссией по компенсации работникам (Workers' Compensation Board) и может варьироваться в зависимости от медицинских доказательств, профессиональной оценки и результатов слушаний. Проконсультируйтесь с квалифицированным адвокатом по компенсации работникам для получения рекомендаций по Вашему конкретному делу.",,,,calculators.lwec.disclaimer-this-calculator-is-provided
30,calculators.lwec,citation,How LWEC Is Calculated (WCL §15(3)(w)),Как рассчитывается LWEC (WCL §15(3)(w)),,,,calculators.lwec.how-lwec-is-calculated-wcl
31,calculators.lwec,citation,"Attorneys are typically awarded 15 weeks multiplied by the weekly classification rate, deducted from the award and subject to Workers' Compensation Board approval under WCL §24.","Адвокатам обычно присуждается сумма, равная 15 неделям, умноженным на еженедельную ставку классификации, которая вычитается из компенсации и подлежит утверждению Комиссией по компенсации работникам (Workers' Compensation Board) согласно WCL §24.",,,,calculators.lwec.jsonld.attorneys-are-typically-awarded-15
32,calculators.lwec,citation,"No. A Schedule Loss of Use (SLU) award pays a fixed number of weeks for permanent loss of use of an extremity under WCL §15(3). LWEC compensates non-schedule permanent injuries — spine, head, and systemic conditions — with weekly benefits over a capped duration.","Нет. Компенсация за утрату функции конечности (Schedule Loss of Use, SLU) выплачивается за фиксированное количество недель за постоянную утрату функции конечности согласно WCL §15(3). LWEC компенсирует не входящие в этот перечень постоянные травмы — позвоночника, головы и системные состояния — еженедельными выплатами в течение ограниченного срока.",,,,calculators.lwec.jsonld.no-a-schedule-loss-of
33,calculators.lwec,citation,WCL §15(3)(w) caps benefit weeks by LWEC percentage — from 225 weeks at 15% or less up to 525 weeks at over 95%. Workers found permanently totally disabled receive lifetime benefits.,"WCL §15(3)(w) ограничивает количество недель выплат в зависимости от процента LWEC — от 225 недель при 15% или менее до 525 недель при более чем 95%. Работники, признанные постоянно полностью нетрудоспособными, получают пожизненные выплаты.",,,,calculators.lwec.jsonld.wcl-15-3-w-caps
34,calculators.lwec,citation,"New York permanency awards come in two forms. A Schedule Loss of Use (SLU) award pays a fixed number of weeks for permanent loss of use of an extremity — arm, hand, leg, foot, fingers, vision, or hearing — under WCL §15(3), even if you're back at work at full pay. LWEC covers non-schedule permanent injuries (spine, head, systemic conditions) with weekly benefits paid over a capped duration. A case generally resolves under one framework or the other for a given injury.","Постоянные компенсации в Нью-Йорке бывают двух видов. Компенсация за утрату функции конечности (Schedule Loss of Use, SLU) выплачивается за фиксированное количество недель за постоянную утрату функции конечности — руки, кисти, ноги, стопы, пальцев, зрения или слуха — согласно WCL §15(3), даже если Вы вернулись на работу с полной оплатой. LWEC покрывает не входящие в этот перечень постоянные травмы (позвоночник, голова, системные состояния) еженедельными выплатами в течение ограниченного срока. Дело, как правило, рассматривается по одной из этих систем для данной травмы.",,,,calculators.lwec.new-york-permanency-awards-come
35,calculators.lwec,citation,"No. A Schedule Loss of Use (SLU) award pays a fixed number of weeks for permanent loss of use of an extremity under WCL §15(3). LWEC compensates non-schedule permanent injuries — spine, head, and systemic conditions — with weekly benefits over a capped duration.","Нет. Компенсация за утрату функции конечности (SLU) выплачивается за фиксированное количество недель за постоянную утрату функции конечности согласно WCL §15(3). LWEC компенсирует не входящие в этот перечень постоянные травмы — позвоночника, головы и системные состояния — еженедельными выплатами в течение ограниченного срока.",,,,calculators.lwec.no-a-schedule-loss-of
36,calculators.lwec,citation,The duration is capped by WCL §15(3)(w): the LWEC percentage falls into a bracket that sets the maximum weeks of benefits — from 225 weeks at 15% or less up to 525 weeks above 95%. Workers classified with a permanent total disability receive lifetime benefits.,"Продолжительность ограничена WCL §15(3)(w): процент LWEC попадает в категорию, которая устанавливает максимальное количество недель выплат — от 225 недель при 15% или менее до 525 недель при более чем 95%. Работники, классифицированные с постоянной полной нетрудоспособностью, получают пожизненные выплаты.",,,,calculators.lwec.the-duration-is-capped-by
37,calculators.radiculopathy,obligation eligibility,Disclaimer: This calculator is provided for informational purposes only and does not constitute legal advice. It implements the point system from the 2012 NYS Impairment Guidelines (Tables S11.4–S11.7). The severity ranking output must be used with Tables 11.1 or 11.2 to determine the final Medical Impairment Class. Actual findings are determined by the Workers' Compensation Board based on all medical evidence. Consult a qualified workers' compensation attorney for guidance on your specific case.,Отказ от ответственности: Этот калькулятор предоставляется исключительно в информационных целях и не является юридической консультацией. Он реализует балльную систему Руководства по оценке нарушений штата Нью-Йорк 2012 года (Таблицы S11.4–S11.7). Результат рейтинга тяжести необходимо использовать вместе с Таблицами 11.1 или 11.2 для определения окончательного класса медицинского нарушения. Фактические результаты определяются Комиссией по компенсации работникам (Workers' Compensation Board) на основе всех медицинских доказательств. Проконсультируйтесь с квалифицированным адвокатом по компенсации работникам для получения рекомендаций по Вашему конкретному делу.,,,,calculators.radiculopathy.disclaimer-this-calculator-is-provided
38,calculators.rates,eligibility,"Disclaimer: This rate lookup is provided for informational purposes only and does not constitute legal advice. Rates shown are based on New York Department of Financial Services announcements and are accurate as of the dates shown. For the most current rate information, consult the official DFS website or a qualified workers' compensation attorney.",Отказ от ответственности: Этот поиск ставок предоставляется исключительно в информационных целях и не является юридической консультацией. Показанные ставки основаны на объявлениях Департамента финансовых услуг штата Нью-Йорк и точны на указанные даты. Для получения самой актуальной информации о ставках проконсультируйтесь с официальным сайтом DFS или квалифицированным адвокатом по компенсации работникам.,,,,calculators.rates.disclaimer-this-rate-lookup-is
39,calculators.rates,citation,"For injuries on or after July 1, 2026, the maximum weekly compensation rate is $1,281.50, per WCB Subject No. 046-1805. For dates of injury between July 1, 2025 and June 30, 2026, the maximum is $1,222.42.","Для травм, произошедших 1 июля 2026 г. или позднее, максимальная еженедельная ставка компенсации составляет $1,281.50, согласно WCB Subject No. 046-1805. Для дат травм в период с 1 июля 2025 г. по 30 июня 2026 г. максимум составляет $1,222.42.",,,,calculators.rates.for-injuries-on-or-after
40,calculators.rates,citation,"For injuries on or after July 1, 2026, the maximum weekly compensation rate in New York is $1,281.50, per WCB Subject No. 046-1805. For dates of injury between July 1, 2025 and June 30, 2026, the maximum is $1,222.42.","Для травм, произошедших 1 июля 2026 г. или позднее, максимальная еженедельная ставка компенсации в Нью-Йорке составляет $1,281.50, согласно WCB Subject No. 046-1805. Для дат травм в период с 1 июля 2025 г. по 30 июня 2026 г. максимум составляет $1,222.42.",,,,calculators.rates.jsonld.for-injuries-on-or-after
41,calculators.rates,eligibility,"Rates are updated annually by the New York Department of Financial Services. The rate effective on the date of injury applies throughout the case, unless modified by subsequent legislation.","Ставки обновляются ежегодно Департаментом финансовых услуг штата Нью-Йорк. Ставка, действующая на дату травмы, применяется на протяжении всего дела, если не изменена последующим законодательством.",,,,calculators.rates.rates-are-updated-annually-by
42,calculators.rates,citation,"The maximum weekly workers' compensation rate in New York State is $1,281.50 for injuries occurring on or after July 1, 2026, per WCB Subject No. 046-1805. For dates of injury between July 1, 2025 and June 30, 2026, the maximum is $1,222.42.","Максимальная еженедельная ставка компенсации работникам в штате Нью-Йорк составляет $1,281.50 для травм, произошедших 1 июля 2026 г. или позднее, согласно WCB Subject No. 046-1805. Для дат травм в период с 1 июля 2025 г. по 30 июня 2026 г. максимум составляет $1,222.42.",,,,calculators.rates.the-maximum-weekly-workers-compensation
43,calculators.rates,citation,"Under WCL §15(6), the maximum weekly benefit equals two-thirds of the New York State Average Weekly Wage (NYSAWW). The NYSAWW — defined in WCL §2(16) — is the average weekly wage of all workers covered by New York unemployment insurance for the previous calendar year, calculated by the NYS Department of Labor and reported to the Superintendent of Financial Services by March 31 each year.","Согласно WCL §15(6), максимальная еженедельная выплата равна двум третям средней недельной заработной платы штата Нью-Йорк (New York State Average Weekly Wage, NYSAWW). NYSAWW — определённая в WCL §2(16) — это средняя недельная заработная плата всех работников, охваченных страхованием по безработице Нью-Йорка, за предыдущий календарный год, рассчитываемая Департаментом труда штата Нью-Йорк и предоставляемая Суперинтенданту финансовых услуг к 31 марта каждого года.",,,,calculators.rates.under-wcl-15-6-the
44,calculators.slu,citation,"Attorney Fee: Under WCL §24, attorneys are typically awarded 15% of the moving (new money) portion of any SLU award. This calculator shows the full breakdown: total value, prior deduction, moving amount, attorney fee (15%), and net to claimant.","Гонорар адвоката: Согласно WCL §24, адвокатам обычно присуждается 15% от суммы к перечислению (новых денег) любой компенсации SLU. Этот калькулятор показывает полную разбивку: общую сумму, вычет предыдущих выплат, сумму к перечислению, гонорар адвоката (15%) и чистую сумму для заявителя.",,,,calculators.slu.attorney-fee-under-wcl-24
45,calculators.slu,citation,"Calculate Schedule Loss of Use benefits for extremity injuries under New York Workers' Compensation Law §15(3). Includes prior award deductions, attorney fee, and net to claimant.","Рассчитайте выплаты по утрате функции конечности при травмах конечностей согласно Закону штата Нью-Йорк о компенсации работникам §15(3). Включает вычеты предыдущих выплат, гонорар адвоката и чистую сумму для заявителя.",,,,calculators.slu.calculate-schedule-loss-of-use
46,calculators.slu,eligibility citation,"Disclaimer: This calculator is provided for informational purposes only and does not constitute legal advice. SLU calculations are based on current New York State Workers' Compensation Law §15(3) and Department of Financial Services regulations. Actual awards are determined by the Workers' Compensation Board and may vary based on medical evidence, hearing decisions, and specific case circumstances. Consult a qualified workers' compensation attorney for guidance on your specific case.","Отказ от ответственности: Этот калькулятор предоставляется исключительно в информационных целях и не является юридической консультацией. Расчёты SLU основаны на действующем Законе штата Нью-Йорк о компенсации работникам §15(3) и правилах Департамента финансовых услуг. Фактические компенсации определяются Комиссией по компенсации работникам (Workers' Compensation Board) и могут варьироваться в зависимости от медицинских доказательств, решений слушаний и конкретных обстоятельств дела. Проконсультируйтесь с квалифицированным адвокатом по компенсации работникам для получения рекомендаций по Вашему конкретному делу.",,,,calculators.slu.disclaimer-this-calculator-is-provided
47,calculators.slu,citation,Generate a WCB fee application pre-filled with these results.,"Сформируйте заявление на оплату услуг WCB, предзаполненное этими результатами.",,,,calculators.slu.generate-a-wcb-fee-application
48,calculators.slu,citation,"An SLU award is a statutory workers' compensation award under WCL §15(3) that compensates permanent loss of use of an extremity, vision, or hearing. The law assigns each body part a maximum number of weeks; your award equals your percentage loss of use multiplied by those weeks, multiplied by your weekly rate.","Компенсация SLU — это установленная законом компенсация по делу о компенсации работникам согласно WCL §15(3), которая компенсирует постоянную утрату функции конечности, зрения или слуха. Закон устанавливает для каждой части тела максимальное количество недель; Ваша компенсация равна проценту утраты функции, умноженному на эти недели, умноженному на Вашу еженедельную ставку.",,,,calculators.slu.jsonld.an-slu-award-is-a
49,calculators.slu,citation,"Free NYS Schedule Loss of Use (SLU) calculator under WCL §15(3). Includes prior award deductions, attorney fee, and net to claimant.","Бесплатный калькулятор утраты функции конечности (SLU) штата Нью-Йорк согласно WCL §15(3). Включает вычеты предыдущих выплат, гонорар адвоката и чистую сумму для заявителя.",,,,calculators.slu.jsonld.free-nys-schedule-loss-of
50,calculators.slu,waiver citation,"Many injured workers call their SLU award a settlement, and the schedule of weeks by body part is often searched for as a settlement chart. Strictly, an SLU award is a statutory award driven by your percentage loss of use — different from a Section 32 settlement, which is a negotiated lump sum that closes the case.","Многие травмированные работники называют свою компенсацию SLU урегулированием, а перечень недель по частям тела часто ищут как «таблицу урегулирования». Строго говоря, компенсация SLU — это установленная законом компенсация, основанная на Вашем проценте утраты функции — в отличие от урегулирования по Section 32, которое представляет собой согласованную единовременную выплату, закрывающую дело.",,,,calculators.slu.jsonld.many-injured-workers-call-their
51,calculators.slu,eligibility,Which injuries qualify for SLU instead of LWEC?,Какие травмы дают право на SLU вместо LWEC?,,,,calculators.slu.jsonld.which-injuries-qualify-for-slu
52,calculators.slu,citation,"Many injured workers think of the SLU award as their ""settlement"" — if you've been searching for a NYS workers' comp settlement chart for an arm, hand, leg, or foot injury, the §15(3) schedule below is that chart, and this calculator turns it into a dollar estimate of your SLU settlement value.","Многие травмированные работники считают компенсацию SLU своим «урегулированием» — если Вы искали таблицу урегулирования по компенсации работникам штата Нью-Йорк для травмы руки, кисти, ноги или стопы, перечень §15(3) ниже и есть эта таблица, а этот калькулятор превращает её в долларовую оценку стоимости Вашего урегулирования SLU.",,,,calculators.slu.many-injured-workers-think-of
53,calculators.slu,citation,"PHP = Prior weeks paid at the temporary total (healing) rate, which may be added to the SLU calculation depending on specific circumstances. This WCL §15(3) schedule is what many people mean by the ""NYS workers' comp settlement chart"" for schedule injuries.","PHP = ранее оплаченные недели по ставке временной полной нетрудоспособности (период заживления), которые могут быть добавлены к расчёту SLU в зависимости от конкретных обстоятельств. Этот перечень WCL §15(3) — то, что многие имеют в виду под «таблицей урегулирования по компенсации работникам штата Нью-Йорк» для травм по перечню.",,,,calculators.slu.php-prior-weeks-paid-at
54,calculators.slu,citation,"Schedule Loss of Use (SLU) is a fixed benefit available to injured workers in New York State under Workers' Compensation Law §15(3). Unlike permanent partial disability benefits, SLU provides a predetermined number of weeks of benefits based on the specific body part injured and the degree of permanent loss of use.","Утрата функции конечности (Schedule Loss of Use, SLU) — это фиксированная выплата, доступная травмированным работникам в штате Нью-Йорк согласно Закону о компенсации работникам §15(3). В отличие от выплат по постоянной частичной нетрудоспособности, SLU предоставляет заранее определённое количество недель выплат на основе конкретной травмированной части тела и степени постоянной утраты функции.",,,,calculators.slu.schedule-loss-of-use-slu
55,calculators.slu-permanency-awards-under-wcl,citation,SLU permanency awards under WCL §15(3) for every body part. Includes the 2024 Permanency Guidelines update and award calculation by AWW × loss % × statutory weeks.,Постоянные компенсации SLU согласно WCL §15(3) для каждой части тела. Включает обновление Руководства по постоянной нетрудоспособности 2024 года и расчёт компенсации по формуле AWW × % утраты × установленные законом недели.,,,,calculators.slu-permanency-awards-under-wcl
56,coming-soon,citation,"GPS detects when you travel to treatment. Automatically logs date, origin, destination, and round-trip mileage. Auto-fills your C-257 Travel Reimbursement form — print and submit.","GPS определяет, когда Вы едете на лечение. Автоматически регистрирует дату, место отправления, назначения и пробег туда и обратно. Автоматически заполняет Вашу форму возмещения транспортных расходов C-257 — распечатайте и подайте.",,,,coming-soon.gps-detects-when-you-travel
57,connect-with-attorney,filing,"Submit your case details and we'll connect you with a licensed NYS workers' compensation attorney. It's free, simple, and transparent.","Укажите детали Вашего дела, и мы свяжем Вас с лицензированным адвокатом по компенсации работникам штата Нью-Йорк. Это бесплатно, просто и прозрачно.",,,,connect-with-attorney.submit-your-case-details-and
58,connect-with-attorney,filing,"Submit your county, injury type, and case stage. No account needed. Your information stays private and is only shared with one participating attorney at a time.","Укажите Ваш округ, тип травмы и стадию дела. Учётная запись не требуется. Ваша информация остаётся конфиденциальной и передаётся только одному участвующему адвокату за раз.",,,,connect-with-attorney.submit-your-county-injury-type
59,disclaimer,eligibility,"Inclusion of any attorney in The Comp Desk's Find an Attorney directory is not an endorsement, recommendation, or certification of that attorney's qualifications or services.","Включение любого адвоката в справочник «Найти адвоката» The Comp Desk не является одобрением, рекомендацией или сертификацией квалификации или услуг этого адвоката.",,,,disclaimer.inclusion-of-any-attorney-in
60,disclaimer,eligibility,"The content, calculators, guides, and tools available on The Comp Desk (thecompdesk.com) are provided for general informational purposes only. Nothing on this site constitutes legal advice, legal opinion, or a substitute for consultation with a qualified attorney licensed in your jurisdiction.","Контент, калькуляторы, руководства и инструменты, доступные на The Comp Desk (thecompdesk.com), предоставляются исключительно в общих информационных целях. Ничто на этом сайте не является юридической консультацией, юридическим заключением или заменой консультации с квалифицированным адвокатом, лицензированным в Вашей юрисдикции.",,,,disclaimer.the-content-calculators-guides-and
61,legal.privacy,obligation filing,"If a data breach affecting your personal information occurs, we will notify affected users and applicable authorities as required by law.","Если произойдёт утечка данных, затрагивающая Вашу личную информацию, мы уведомим затронутых пользователей и соответствующие органы власти, как того требует закон.",,,,legal.privacy.if-a-data-breach-affecting
62,legal.privacy,filing,"Our calculators run entirely in your browser; the wages, dates, and other figures you enter are processed on your device and are not transmitted to or stored on our servers. Separately, if you submit a contact form, request an attorney referral, create an account, or opt in to IME or hearing reminders, we collect the information you choose to provide. Depending on what you do, this may include your name, email address, phone number, and details about your potential workers' compensation matter, so that we can respond to you, route your request to a participating attorney, or send the reminders you requested.","Наши калькуляторы работают полностью в Вашем браузере; заработная плата, даты и другие цифры, которые Вы вводите, обрабатываются на Вашем устройстве и не передаются на наши серверы и не хранятся на них. Отдельно, если Вы отправляете контактную форму, запрашиваете направление к адвокату, создаёте аккаунт или подписываетесь на напоминания об IME или слушаниях, мы собираем информацию, которую Вы решаете предоставить. В зависимости от Ваших действий это может включать Ваше имя, адрес электронной почты, номер телефона и детали Вашего потенциального дела о компенсации работникам, чтобы мы могли ответить Вам, направить Ваш запрос участвующему адвокату или отправить запрошенные Вами напоминания.",,,,legal.privacy.our-calculators-run-entirely-in
63,legal.privacy,eligibility,"This policy covers the thecompdesk.com website, our mobile app and browser extension, our workers' compensation calculators, our contact and attorney-referral forms, our reminder features, and registered attorney accounts. It does not cover the practices of independent attorneys to whom you may be referred, who maintain their own privacy practices and become responsible for your information once it is shared with them.","Настоящая Политика охватывает веб-сайт thecompdesk.com, наше мобильное приложение и расширение для браузера, наши калькуляторы компенсации работникам, наши контактные формы и формы направления к адвокату, наши функции напоминаний и зарегистрированные аккаунты адвокатов. Она не охватывает практики независимых адвокатов, к которым Вы можете быть направлены, которые ведут собственную политику конфиденциальности и становятся ответственными за Вашу информацию после её передачи им.",,,,legal.privacy.this-policy-covers-the-thecompdesk
64,legal.privacy,obligation,"We may disclose information if required by law, subpoena, or other legal process, or where we believe disclosure is necessary to protect our rights, your safety, or the safety of others.","Мы можем раскрыть информацию, если это требуется законом, повесткой в суд или иным юридическим процессом, либо если мы считаем, что раскрытие необходимо для защиты наших прав, Вашей безопасности или безопасности других лиц.",,,,legal.privacy.we-may-disclose-information-if
65,legal.privacy,filing,"We may update this Privacy Policy from time to time. Changes will be posted to this page with an updated ""Last updated"" date. For material changes, we will make reasonable efforts to notify registered users by email. Continued use of the Services after changes take effect constitutes acceptance of the revised policy.","Мы можем время от времени обновлять настоящую Политику конфиденциальности. Изменения будут опубликованы на этой странице с обновлённой датой «Последнее обновление». В случае существенных изменений мы приложим разумные усилия, чтобы уведомить зарегистрированных пользователей по электронной почте. Продолжение использования Сервисов после вступления изменений в силу означает принятие пересмотренной Политики.",,,,legal.privacy.we-may-update-this-privacy
66,legal.privacy,obligation citation,"We retain aggregate analytics data for up to 24 months. Account data is retained while your account is active. Road to Recovery questionnaire answers and checklist progress are retained while your account is active and are deleted when your account is deleted; the general, de-identified roadmap explanations described in Section 3.6 contain no personal information and may be retained. Information you submit through a referral or contact form is retained as long as needed to provide the service you requested and as required by law, after which it is deleted or de-identified.","Мы храним агрегированные аналитические данные до 24 месяцев. Данные аккаунта хранятся, пока Ваш аккаунт активен. Ответы на анкету Road to Recovery и прогресс по контрольному списку хранятся, пока Ваш аккаунт активен, и удаляются при удалении Вашего аккаунта; общие, обезличенные объяснения плана, описанные в Разделе 3.6, не содержат личной информации и могут храниться. Информация, которую Вы отправляете через форму направления или контактную форму, хранится столько, сколько необходимо для оказания запрошенной Вами услуги и как того требует закон, после чего она удаляется или обезличивается.",,,,legal.privacy.we-retain-aggregate-analytics-data
67,legal.privacy,deadline,You may request access to or correction of the personal information we hold about you by emailing privacy@thecompdesk.com. We will respond within 30 days.,"Вы можете запросить доступ к личной информации о Вас, которой мы располагаем, или её исправление, написав на privacy@thecompdesk.com. Мы ответим в течение 30 дней.",,,,legal.privacy.you-may-request-access-to
68,pricing,deadline,🎯Priority supportResponse within 1 business day,🎯Приоритетная поддержкаОтвет в течение 1 рабочего дня,,,,pricing.priority-support-response-within-1
69,settlement-calculator,citation,"Choose the injured body part from the WCL §15(3) schedule — arm, leg, hand, foot, finger, toe, eye, or ear.","Выберите травмированную часть тела из перечня WCL §15(3) — рука, нога, кисть, стопа, палец руки, палец ноги, глаз или ухо.",,,,settlement-calculator.choose-the-injured-body-part
70,settlement-calculator,citation,Compare your SLU award estimate against a potential Section 32 settlement to understand which path may be right for your situation.,"Сравните Вашу оценку компенсации SLU с потенциальным урегулированием по Section 32, чтобы понять, какой путь может подойти для Вашей ситуации.",,,,settlement-calculator.compare-your-slu-award-estimate
71,settlement-calculator,citation,"Different body parts have different week schedules under WCL §15(3). An arm loss is worth more weeks than a finger loss. Non-scheduled injuries (back, neck) are evaluated differently and may support higher lump sums.","Разные части тела имеют разные перечни недель согласно WCL §15(3). Утрата руки стоит больше недель, чем утрата пальца. Травмы вне перечня (спина, шея) оцениваются иначе и могут обосновывать более высокие единовременные выплаты.",,,,settlement-calculator.different-body-parts-have-different
72,settlement-calculator,citation,Estimate the value of your NYS workers' compensation settlement. Calculate Schedule Loss of Use (SLU) awards by body part under WCL §15(3) and explore whether a Section 32 settlement makes sense for your case.,"Оцените стоимость Вашего урегулирования по компенсации работникам штата Нью-Йорк. Рассчитайте компенсации за утрату функции конечности (SLU) по частям тела согласно WCL §15(3) и узнайте, имеет ли смысл урегулирование по Section 32 для Вашего дела.",,,,settlement-calculator.estimate-the-value-of-your
73,settlement-calculator,obligation eligibility waiver citation,"A Section 32 agreement is a voluntary settlement under Workers' Compensation Law §32 that allows the claimant and carrier to resolve the entire case with a lump-sum payment. Once approved by the Workers' Compensation Board, it closes the case permanently — including future medical benefits unless specifically excluded. Both parties must consent, and the Board reviews the agreement to ensure it is in the claimant's best interest.","Соглашение по Section 32 — это добровольное урегулирование согласно Закону о компенсации работникам §32, которое позволяет заявителю и страховщику урегулировать всё дело единовременной выплатой. После утверждения Комиссией по компенсации работникам (Workers' Compensation Board) оно навсегда закрывает дело — включая будущие медицинские выплаты, если они специально не исключены. Обе стороны должны дать согласие, и Комиссия проверяет соглашение, чтобы убедиться, что оно отвечает наилучшим интересам заявителя.",,,,settlement-calculator.jsonld.a-section-32-agreement-is
74,settlement-calculator,citation,"Average workers' comp settlements in New York vary widely depending on the severity of the injury, the body part affected, and whether the claim involves Schedule Loss of Use or a classification injury. SLU settlements for a single extremity typically range from $10,000 to $150,000+ depending on the percentage of loss and the compensation rate at the time of injury. Section 32 settlements can be substantially higher or lower depending on negotiation and medical permanency findings. An experienced attorney can evaluate comparable cases to estimate your settlement value.","Средние урегулирования по компенсации работникам в Нью-Йорке сильно варьируются в зависимости от тяжести травмы, поражённой части тела и того, относится ли дело к утрате функции конечности или классификационной травме. Урегулирования SLU для одной конечности обычно варьируются от $10,000 до $150,000+ в зависимости от процента утраты и ставки компенсации на момент травмы. Урегулирования по Section 32 могут быть значительно выше или ниже в зависимости от переговоров и результатов медицинской оценки постоянной нетрудоспособности. Опытный адвокат может оценить сопоставимые дела для оценки стоимости Вашего урегулирования.",,,,settlement-calculator.jsonld.average-workers-comp-settlements-in
75,settlement-calculator,waiver citation,"In New York, workers' compensation settlements are calculated based on the type of case. For Schedule Loss of Use (SLU) awards under WCL §15(3), the value equals the percentage of loss times the number of weeks assigned to that body part, multiplied by the claimant's compensation rate (2/3 of average weekly wage, capped at the statutory maximum). Section 32 settlements involve a lump-sum payment that closes the case entirely and are negotiated based on the present value of future benefits.","В Нью-Йорке урегулирования по компенсации работникам рассчитываются в зависимости от типа дела. Для компенсаций за утрату функции конечности (SLU) согласно WCL §15(3) сумма равна проценту утраты, умноженному на количество недель, установленных для этой части тела, умноженному на ставку компенсации заявителя (2/3 от средней недельной заработной платы, ограниченную установленным законом максимумом). Урегулирования по Section 32 предполагают единовременную выплату, которая полностью закрывает дело, и согласовываются на основе приведённой стоимости будущих выплат.",,,,settlement-calculator.jsonld.in-new-york-workers-compensation
76,settlement-calculator,citation,"The timeline for a workers' comp settlement in New York depends on the case type. SLU awards are typically determined 1-3 years post-injury following maximum medical improvement (MMI). Section 32 settlements can take 6 months to several years to negotiate, depending on the complexity of the case, the strength of medical evidence, and the parties' positions. Once the settlement is signed and submitted to the Workers' Compensation Board, approval typically takes 1-2 weeks.","Сроки урегулирования по компенсации работникам в Нью-Йорке зависят от типа дела. Компенсации SLU обычно определяются через 1–3 года после травмы, после достижения максимального медицинского улучшения (MMI). Урегулирования по Section 32 могут занимать от 6 месяцев до нескольких лет на переговоры, в зависимости от сложности дела, прочности медицинских доказательств и позиций сторон. После подписания и подачи урегулирования в Комиссию по компенсации работникам (Workers' Compensation Board) утверждение обычно занимает 1–2 недели.",,,,settlement-calculator.jsonld.the-timeline-for-a-workers
77,settlement-calculator,citation,"The value of a NYS workers' compensation case depends on your average weekly wage, the body parts injured, the percentage of permanent impairment, your date of injury (which determines the maximum rate), and whether you have a Schedule Loss of Use (extremity) or classification (non-schedule) case. Use our free calculator to estimate SLU values, or consult with an attorney for a comprehensive case valuation including Section 32 settlement potential.","Стоимость дела о компенсации работникам штата Нью-Йорк зависит от Вашей средней недельной заработной платы, травмированных частей тела, процента постоянного нарушения, даты Вашей травмы (которая определяет максимальную ставку) и того, относится ли Ваше дело к утрате функции конечности (SLU) или классификации (вне перечня). Используйте наш бесплатный калькулятор для оценки стоимости SLU или проконсультируйтесь с адвокатом для комплексной оценки дела, включая потенциал урегулирования по Section 32.",,,,settlement-calculator.jsonld.the-value-of-a-nys
78,settlement-calculator,citation,What is a Section 32 agreement in NYS workers' compensation?,Что такое соглашение по Section 32 в компенсации работникам штата Нью-Йорк?,,,,settlement-calculator.jsonld.what-is-a-section-32
79,settlement-calculator,obligation,Must be approved by the Workers' Compensation Board,Должно быть утверждено Комиссией по компенсации работникам (Workers' Compensation Board),,,,settlement-calculator.must-be-approved-by-the
80,settlement-calculator,citation,SLU Award (§15(3)),Компенсация SLU (§15(3)),,,,settlement-calculator.slu-award-15-3
81,settlement-calculator,citation,"The extent of future medical care needed affects Section 32 settlement negotiations. More ongoing treatment needs typically increase settlement value. Future surgery, therapy, or specialist care all factor into negotiation.","Объём необходимого будущего медицинского лечения влияет на переговоры об урегулировании по Section 32. Больший объём продолжающегося лечения обычно увеличивает стоимость урегулирования. Будущая операция, терапия или лечение у специалиста — всё это учитывается при переговорах.",,,,settlement-calculator.the-extent-of-future-medical
82,settlement-calculator,citation,"The value of a NYS workers' compensation case depends on your average weekly wage, the body parts injured, the percentage of permanent impairment, your date of injury (which determines the maximum rate), and whether you have a Schedule Loss of Use (extremity) or classification (non-schedule) case. Use our free calculator above to estimate SLU values, or consult with an attorney for a comprehensive case valuation including Section 32 settlement potential.","Стоимость дела о компенсации работникам штата Нью-Йорк зависит от Вашей средней недельной заработной платы, травмированных частей тела, процента постоянного нарушения, даты Вашей травмы (которая определяет максимальную ставку) и того, относится ли Ваше дело к утрате функции конечности (SLU) или классификации (вне перечня). Используйте наш бесплатный калькулятор выше для оценки стоимости SLU или проконсультируйтесь с адвокатом для комплексной оценки дела, включая потенциал урегулирования по Section 32.",,,,settlement-calculator.the-value-of-a-nys
83,settlement-calculator,eligibility waiver,Typically closes medical benefits (unless carved out),Обычно закрывает медицинские выплаты (если не оговорено иное),,,,settlement-calculator.typically-closes-medical-benefits-unless
84,settlement-calculator,citation,What is a Section 32 agreement?,Что такое соглашение по Section 32?,,,,settlement-calculator.what-is-a-section-32
85,settlement-calculator,citation,"Younger claimants with limited work capacity may receive higher settlements because they have longer earning potential ahead. Age, residual functional capacity, and vocational prospects all influence Section 32 value significantly.","Более молодые заявители с ограниченной трудоспособностью могут получать более высокие урегулирования, поскольку у них больше потенциала заработка впереди. Возраст, остаточная функциональная трудоспособность и профессиональные перспективы значительно влияют на стоимость урегулирования по Section 32.",,,,settlement-calculator.younger-claimants-with-limited-work
86,settlement-calculator,citation,Your date of injury determines which compensation rate applies. Older injuries use lower rates; newer injuries use higher current rates. This significantly impacts both SLU awards and Section 32 settlement value.,"Дата Вашей травмы определяет, какая ставка компенсации применяется. Более старые травмы используют более низкие ставки; более новые травмы используют более высокие текущие ставки. Это значительно влияет как на компенсации SLU, так и на стоимость урегулирования по Section 32.",,,,settlement-calculator.your-date-of-injury-determines
87,tools.claim-filing,filing citation,"A step-by-step wizard that walks you through the WCB Form C-3 — the form that opens your New York workers' compensation case — in plain English, field by field. Answer simple questions and we build your signed, filing-ready PDF.","Пошаговый мастер, который проведёт Вас через форму WCB C-3 — форму, которая открывает Ваше дело о компенсации работникам в Нью-Йорке — простым языком, поле за полем. Ответьте на простые вопросы, и мы создадим Ваш подписанный, готовый к подаче PDF.",,,,tools.claim-filing.a-step-by-step-wizard
88,tools.claim-filing,filing citation,"Clear, current guidance on exactly how and where to file your completed C-3 with the WCB.","Чёткие, актуальные инструкции о том, как и куда именно подать заполненную форму C-3 в WCB.",,,,tools.claim-filing.clear-current-guidance-on-exactly
89,tools.claim-filing,deadline filing eligibility,"Disclaimer. This tool is provided for informational purposes only and does not constitute legal advice. The Comp Desk is a software platform, not a law firm, and using the Claim Filing Wizard does not create an attorney-client relationship. Filing deadlines and requirements under New York Workers' Compensation Law vary by situation. For guidance on your specific claim, consult a qualified workers' compensation attorney.","Отказ от ответственности. Этот инструмент предоставляется исключительно в информационных целях и не является юридической консультацией. The Comp Desk — это программная платформа, а не юридическая фирма, и использование Мастера подачи заявления не создаёт отношений «адвокат-клиент». Сроки и требования подачи согласно Закону штата Нью-Йорк о компенсации работникам варьируются в зависимости от ситуации. Для рекомендаций по Вашему конкретному заявлению проконсультируйтесь с квалифицированным адвокатом по компенсации работникам.",,,,tools.claim-filing.disclaimer-this-tool-is-provided
90,tools.claim-filing,citation,"Important: The Comp Desk is a software platform, not a law firm. This wizard helps you complete and understand the C-3 — it does not give legal advice or file on your behalf.","Важно: The Comp Desk — это программная платформа, а не юридическая фирма. Этот мастер помогает Вам заполнить и понять форму C-3 — он не даёт юридических консультаций и не подаёт заявление от Вашего имени.",,,,tools.claim-filing.important-the-comp-desk-is
91,tools.claim-filing,citation,Plain-English questions map to every section of the official WCB Form C-3 — no legalese to decode.,Вопросы простым языком соответствуют каждому разделу официальной формы WCB C-3 — никакого юридического жаргона расшифровывать не нужно.,,,,tools.claim-filing.plain-english-questions-map-to
92,tools.claim-filing,deadline citation,"The C-3 — Employee Claim is what actually opens your case with the New York Workers' Compensation Board. Until it's filed, the Board has no record of your claim. In most cases you have two years from the date of injury (or from when you knew the injury was work-related) to file — and incomplete or inconsistent answers can slow your claim down or invite a dispute.","Форма C-3 — заявление работника — это то, что фактически открывает Ваше дело в Комиссии по компенсации работникам штата Нью-Йорк (New York Workers' Compensation Board). Пока она не подана, у Комиссии нет записи о Вашем заявлении. В большинстве случаев у Вас есть два года с даты травмы (или с момента, когда Вы узнали, что травма связана с работой) на подачу — а неполные или противоречивые ответы могут замедлить рассмотрение Вашего заявления или вызвать спор.",,,,tools.claim-filing.the-c-3-employee-claim
93,tools.claim-filing,citation,The C-3 wizard is one piece of the puzzle.,Мастер C-3 — это лишь часть общей картины.,,,,tools.claim-filing.the-c-3-wizard-is
94,tools.find-doctor,citation,"All five — Manhattan, Brooklyn, Queens, the Bronx, and Staten Island. Pan and zoom are restricted to this region. Outside NYC? Use the NYS WCB provider search.","Все пять — Манхэттен, Бруклин, Куинс, Бронкс и Статен-Айленд. Панорамирование и масштабирование ограничены этим регионом. За пределами Нью-Йорка? Используйте поиск врачей NYS WCB.",,,,tools.find-doctor.all-five-manhattan-brooklyn-queens
95,tools.find-doctor,obligation eligibility,"Currently, yes. Apart from limited exceptions like emergency care, a provider who treats an injured worker in New York generally must be authorized by the Workers' Compensation Board. Governor Hochul's 2026 ""Universal Authorization"" proposal would remove that requirement for any eligible licensed provider in good standing, but it is not yet law — if enacted, it would take effect January 1, 2028.","В настоящее время да. За исключением ограниченных случаев, таких как неотложная помощь, врач, лечащий травмированного работника в Нью-Йорке, как правило, должен иметь авторизацию Комиссии по компенсации работникам (Workers' Compensation Board). Предложение губернатора Hochul 2026 года о «Универсальной авторизации» устранило бы это требование для любого имеющего право лицензированного врача с хорошей репутацией, но оно ещё не стало законом — в случае принятия оно вступит в силу 1 января 2028 года.",,,,tools.find-doctor.currently-yes-apart-from-limited
96,tools.find-doctor,citation,Does my doctor need to be WCB-authorized?,Должен ли мой врач иметь авторизацию WCB?,,,,tools.find-doctor.does-my-doctor-need-to
97,tools.find-doctor,obligation citation,"Generally yes. For non-emergency treatment, you have the right to select your own treating physician, who currently must be WCB-authorized. If your employer is part of a Preferred Provider Organization (PPO), you may be required to see a PPO provider for the first 30 days. A WC attorney can confirm what applies in your case.","В целом да. Для планового лечения у Вас есть право выбрать своего лечащего врача, который в настоящее время должен иметь авторизацию WCB. Если Ваш работодатель является участником организации предпочтительных поставщиков (Preferred Provider Organization, PPO), от Вас может потребоваться обращение к врачу PPO в течение первых 30 дней. Адвокат по компенсации работникам может подтвердить, что применяется в Вашем случае.",,,,tools.find-doctor.generally-yes-for-non-emergency
98,tools.find-doctor,eligibility citation,"Gov. Hochul's 2026 State of the State proposal (re-proposed after 2025) would let any eligible licensed provider in good standing treat workers'-compensation patients without separate WCB authorization. It is not yet law if enacted, it would take effect January 1, 2028. Until then, this map highlights providers experienced with WC cases. Read the WCB proposal",Предложение губернатора Hochul в обращении о положении штата 2026 года (повторно выдвинутое после 2025 года) позволило бы любому имеющему право лицензированному врачу с хорошей репутацией лечить пациентов по компенсации работникам без отдельной авторизации WCB. Это ещё не закон в случае принятия оно вступит в силу 1 января 2028 года. До тех пор эта карта выделяет врачей с опытом работы с делами по компенсации работникам. Читать предложение WCB,,,,tools.find-doctor.gov-hochul-s-2026-state
99,tools.find-doctor,obligation eligibility,"Currently, yes. Apart from limited exceptions such as emergency care, a provider who treats an injured worker in New York generally must be authorized by the Workers' Compensation Board. Governor Hochul's 2026 'Universal Authorization' proposal would remove this requirement and allow any eligible licensed provider in good standing to treat workers' compensation patients, but it is not yet law; if enacted, it would take effect January 1, 2028. This directory focuses on providers experienced with workers' comp cases.","В настоящее время да. За исключением ограниченных случаев, таких как неотложная помощь, врач, лечащий травмированного работника в Нью-Йорке, как правило, должен иметь авторизацию Комиссии по компенсации работникам (Workers' Compensation Board). Предложение губернатора Hochul 2026 года о «Универсальной авторизации» устранило бы это требование и позволило бы любому имеющему право лицензированному врачу с хорошей репутацией лечить пациентов по компенсации работникам, но оно ещё не стало законом; в случае принятия оно вступит в силу 1 января 2028 года. Этот справочник ориентирован на врачей с опытом работы с делами о компенсации работникам.",,,,tools.find-doctor.jsonld.currently-yes-apart-from-limited
100,tools.find-doctor,citation,Does my doctor need to be WCB-authorized to treat my workers' comp injury in New York?,"Должен ли мой врач иметь авторизацию WCB, чтобы лечить мою травму по компенсации работникам в Нью-Йорке?",,,,tools.find-doctor.jsonld.does-my-doctor-need-to
101,tools.find-doctor,obligation citation,"Generally yes. For non-emergency treatment, you have the right to select your own treating physician, who currently must be WCB-authorized. For emergencies, you may be seen by whichever provider treats you. If your employer is part of a Preferred Provider Organization (PPO), you may be required to see a PPO provider for the first 30 days. Consult a workers' compensation attorney for case-specific guidance.","В целом да. Для планового лечения у Вас есть право выбрать своего лечащего врача, который в настоящее время должен иметь авторизацию WCB. В экстренных случаях Вас может принять любой врач, который Вас лечит. Если Ваш работодатель является участником организации предпочтительных поставщиков (Preferred Provider Organization, PPO), от Вас может потребоваться обращение к врачу PPO в течение первых 30 дней. Проконсультируйтесь с адвокатом по компенсации работникам для получения рекомендаций по Вашему конкретному делу.",,,,tools.find-doctor.jsonld.generally-yes-for-non-emergency
102,tools.find-doctor,citation,"Listed providers either (a) self-identify as accepting workers'-comp patients and have a history of WC billing under the WCB authorization regime, or (b) have been recommended by attorneys actively practicing WC in New York. We do not accept payment for placement.","Указанные врачи либо (a) сами заявляют о приёме пациентов по компенсации работникам и имеют историю выставления счетов по WC в рамках режима авторизации WCB, либо (b) были рекомендованы адвокатами, активно практикующими в сфере компенсации работникам в Нью-Йорке. Мы не принимаем оплату за размещение.",,,,tools.find-doctor.listed-providers-either-a-self
103,tools.find-doctor,citation,"Tap your injury to pull every WCB-authorized provider for it — the full Workers' Compensation Board list, narrowed to your area. Use ""Use my location"" or pick a borough first to sort by distance.","Нажмите на Вашу травму, чтобы получить всех врачей, авторизованных WCB для неё — полный список Комиссии по компенсации работникам (Workers' Compensation Board), суженный до Вашего района. Сначала используйте «Использовать моё местоположение» или выберите район, чтобы отсортировать по расстоянию.",,,,tools.find-doctor.tap-your-injury-to-pull
104,tools.ime-reminders,eligibility,"Disclaimer. This tool is provided for informational purposes only and does not constitute legal or medical advice. IME Reminders helps you stay organized and prepared, but cannot guarantee any outcome in your workers' compensation case. The results of your Independent Medical Examination are determined by the examining doctor's findings and the Workers' Compensation Board's evaluation. For guidance on your specific situation, consult a qualified workers' compensation attorney.","Отказ от ответственности. Этот инструмент предоставляется исключительно в информационных целях и не является юридической или медицинской консультацией. IME Reminders помогает Вам оставаться организованными и подготовленными, но не может гарантировать какой-либо исход Вашего дела о компенсации работникам. Результаты Вашей независимой медицинской экспертизы определяются заключениями осматривающего врача и оценкой Комиссии по компенсации работникам (Workers' Compensation Board). Для рекомендаций по Вашей конкретной ситуации проконсультируйтесь с квалифицированным адвокатом по компенсации работникам.",,,,tools.ime-reminders.disclaimer-this-tool-is-provided
105,tools.ime-reminders,filing,"Missing an IME without a valid medical reason can have serious consequences. Your benefits may be suspended, your case may be delayed, or a judge may decide issues based largely on the IME doctor's findings. Always notify the carrier and your attorney immediately if you cannot attend, and provide documentation if possible.","Пропуск IME без уважительной медицинской причины может иметь серьёзные последствия. Ваши выплаты могут быть приостановлены, Ваше дело может быть задержано, или судья может принять решение по вопросам в основном на основе заключений врача IME. Всегда немедленно уведомляйте страховщика и Вашего адвоката, если Вы не можете присутствовать, и предоставляйте документацию, если это возможно.",,,,tools.ime-reminders.jsonld.missing-an-ime-without-a
106,tools.ime-reminders,filing,"Missing an IME without a valid reason can have serious consequences — your benefits may be suspended, your case may be delayed, or a judge may decide issues based largely on the IME doctor's findings. Always notify the carrier and your attorney immediately if you cannot attend, and provide documentation when possible.","Пропуск IME без уважительной причины может иметь серьёзные последствия — Ваши выплаты могут быть приостановлены, Ваше дело может быть задержано, или судья может принять решение по вопросам в основном на основе заключений врача IME. Всегда немедленно уведомляйте страховщика и Вашего адвоката, если Вы не можете присутствовать, и предоставляйте документацию, когда это возможно.",,,,tools.ime-reminders.missing-an-ime-without-a
107,tools.learning,eligibility,"Disclaimer: This educational content is provided for informational purposes only and does not constitute legal or medical advice. For specific guidance regarding your individual case, please consult with a qualified attorney or medical professional.","Отказ от ответственности: Этот образовательный контент предоставляется исключительно в информационных целях и не является юридической или медицинской консультацией. Для получения конкретных рекомендаций по Вашему индивидуальному делу, пожалуйста, проконсультируйтесь с квалифицированным адвокатом или медицинским специалистом.",,,,tools.learning.disclaimer-this-educational-content-is
108,tools.medical-travel,eligibility citation,"Disclaimer. This tool is provided for informational purposes only and does not constitute legal advice. The Medical Travel tracker helps you organize your expenses and prepare the C-257, but cannot guarantee that any expense will be reimbursed. Reimbursement is determined by the insurance carrier and the Workers' Compensation Board. Keep your original receipts, and for guidance on your specific situation consult a qualified workers' compensation attorney.","Отказ от ответственности. Этот инструмент предоставляется исключительно в информационных целях и не является юридической консультацией. Трекер медицинских и транспортных расходов помогает Вам организовать Ваши расходы и подготовить форму C-257, но не может гарантировать, что какой-либо расход будет возмещён. Возмещение определяется страховщиком и Комиссией по компенсации работникам (Workers' Compensation Board). Храните оригиналы чеков, и для рекомендаций по Вашей конкретной ситуации проконсультируйтесь с квалифицированным адвокатом по компенсации работникам.",,,,tools.medical-travel.disclaimer-this-tool-is-provided
109,tools.medical-travel,citation,"Enter your start and the provider — we measure the driving distance and apply the WCB rate for that date, round trip by default.","Введите Вашу точку отправления и врача — мы измерим расстояние поездки и применим ставку WCB на эту дату, по умолчанию туда и обратно.",,,,tools.medical-travel.enter-your-start-and-the
110,tools.medical-travel,eligibility,"Every trip to your doctor, the pharmacy, physical therapy, or an Independent Medical Examination has a cost — and in a New York workers' compensation case, you're entitled to be paid back for it. That includes subway and bus fares, taxis and rideshares, mileage in your own car, tolls, parking, prescriptions, and medical supplies.","Каждая поездка к врачу, в аптеку, на физиотерапию или на независимую медицинскую экспертизу имеет стоимость — и в деле о компенсации работникам в Нью-Йорке Вы имеете право на её возмещение. Это включает оплату метро и автобуса, такси и поездок на такси, пробег на собственном автомобиле, платные дороги, парковку, рецепты и медицинские принадлежности.",,,,tools.medical-travel.every-trip-to-your-doctor
111,tools.medical-travel,citation,How do I send my C-257 to the Board?,Как мне отправить мою форму C-257 в Комиссию?,,,,tools.medical-travel.how-do-i-send-my
112,tools.medical-travel,citation,"If it was necessary to get to or pay for your authorized treatment, it likely belongs on your C-257.","Если это было необходимо, чтобы добраться до или оплатить Ваше авторизованное лечение, это, вероятно, относится к Вашей форме C-257.",,,,tools.medical-travel.if-it-was-necessary-to
113,tools.medical-travel,citation,"Important: The Comp Desk is a software platform, not a law firm. The Medical Travel tracker helps you organize your expenses and prepare your C-257 — it does not give legal advice or guarantee reimbursement in your case.","Важно: The Comp Desk — это программная платформа, а не юридическая фирма. Трекер медицинских и транспортных расходов помогает Вам организовать Ваши расходы и подготовить форму C-257 — он не даёт юридических консультаций и не гарантирует возмещение по Вашему делу.",,,,tools.medical-travel.important-the-comp-desk-is
114,tools.medical-travel,citation,How do I send my C-257 to the Workers' Compensation Board?,Как мне отправить мою форму C-257 в Комиссию по компенсации работникам (Workers' Compensation Board)?,,,,tools.medical-travel.jsonld.how-do-i-send-my
115,tools.medical-travel,citation,Medical & Travel Reimbursement (C-257) — The Comp Desk,Возмещение медицинских и транспортных расходов (C-257) — The Comp Desk,,,,tools.medical-travel.jsonld.medical-travel-reimbursement-c-257
116,tools.medical-travel,citation,"Medical & Travel tracking is part of Comp Buddy, the injured-worker companion in The Comp Desk. Comp Buddy is $9.99 per month and includes the reimbursement tracker, the C-257 generator, accident and notice evidence, and more.","Отслеживание медицинских и транспортных расходов является частью Comp Buddy, компаньона для травмированных работников в The Comp Desk. Comp Buddy стоит $9.99 в месяц и включает трекер возмещений, генератор C-257, доказательства несчастного случая и уведомления, и многое другое.",,,,tools.medical-travel.jsonld.medical-travel-tracking-is-part
117,tools.medical-travel,citation,"The C-257, Claimant's Record of Medical and Travel Expenses and Request for Reimbursement, is the official New York Workers' Compensation Board form you use to itemize your medical and travel expenses and request payment. The Comp Desk fills it in from the trips and receipts you log.","Форма C-257, «Отчёт заявителя о медицинских и транспортных расходах и запрос на возмещение», — это официальная форма Комиссии по компенсации работникам штата Нью-Йорк (New York Workers' Compensation Board), которую Вы используете, чтобы детализировать Ваши медицинские и транспортные расходы и запросить оплату. The Comp Desk заполняет её на основе поездок и чеков, которые Вы регистрируете.",,,,tools.medical-travel.jsonld.the-c-257-claimant-s
118,tools.medical-travel,filing citation,The Comp Desk generates your completed C-257 and opens your device's email to the Board's filing address with the form and your receipts attached for you to review and send. You also serve a copy on the insurance carrier. The app never sends anything on its own — you always review and tap send.,"The Comp Desk формирует Вашу заполненную форму C-257 и открывает почтовое приложение Вашего устройства с адресом подачи в Комиссию, с прикреплённой формой и Вашими чеками, для просмотра и отправки. Вы также направляете копию страховщику. Приложение никогда не отправляет ничего самостоятельно — Вы всегда просматриваете и нажимаете отправить.",,,,tools.medical-travel.jsonld.the-comp-desk-generates-your
119,tools.medical-travel,citation,"Track subway and bus fares, rideshares, car mileage at the WCB rate, prescriptions, and medical supplies incurred traveling to and from treatment, then generate the C-257 Claimant's Record of Medical and Travel Expenses for the New York Workers' Compensation Board.","Отслеживайте расходы на метро и автобус, поездки на такси, пробег автомобиля по ставке WCB, рецепты и медицинские принадлежности, понесённые при поездках до и от места лечения, затем создайте форму C-257 «Отчёт заявителя о медицинских и транспортных расходах» для Комиссии по компенсации работникам штата Нью-Йорк (New York Workers' Compensation Board).",,,,tools.medical-travel.jsonld.track-subway-and-bus-fares
120,tools.medical-travel,citation,"Yes — keep your original receipts for prescriptions, supplies, taxis, and rideshares. The Comp Desk lets you snap a photo or attach a PDF of each receipt so it is filed by date and ready to send with your C-257. Mileage in your own car does not need a receipt; it is calculated from the distance and the WCB rate.","Да — храните оригиналы чеков за рецепты, принадлежности, такси и поездки на такси. The Comp Desk позволяет сфотографировать или прикрепить PDF каждого чека, чтобы он был зарегистрирован по дате и готов к отправке с Вашей формой C-257. Пробег на собственном автомобиле не требует чека; он рассчитывается на основе расстояния и ставки WCB.",,,,tools.medical-travel.jsonld.yes-keep-your-original-receipts
121,tools.medical-travel,citation,"Keep your original receipts for prescriptions, supplies, taxis, and rideshares. In the app you snap a photo or attach a PDF of each one so it's filed by date and sent with your C-257. Mileage in your own car doesn't need a receipt — it's calculated from the distance and the WCB rate.","Храните оригиналы чеков за рецепты, принадлежности, такси и поездки на такси. В приложении Вы фотографируете или прикрепляете PDF каждого, чтобы он был зарегистрирован по дате и отправлен с Вашей формой C-257. Пробег на собственном автомобиле не требует чека — он рассчитывается на основе расстояния и ставки WCB.",,,,tools.medical-travel.keep-your-original-receipts-for
122,tools.medical-travel,citation,Mileage in your own carReimbursed at the WCB rate in force on the date you drove — 72.5¢/mi in 2026.,"Пробег на собственном автомобилеВозмещается по ставке WCB, действовавшей на дату поездки — 72,5¢/милю в 2026 году.",,,,tools.medical-travel.mileage-in-your-own-car
123,tools.medical-travel,citation,"Most injured workers never claim it, because the receipts pile up and the C-257 form feels like one more thing to figure out. The Medical Travel tracker keeps every expense together as you go and turns it into a filed-ready form, so the reimbursement you've earned doesn't slip away.","Большинство травмированных работников никогда не заявляют об этом, потому что чеки накапливаются, а форма C-257 кажется ещё одной вещью, в которой нужно разобраться. Трекер медицинских и транспортных расходов собирает все расходы вместе по мере их возникновения и превращает их в готовую к подаче форму, чтобы заслуженное Вами возмещение не ускользнуло.",,,,tools.medical-travel.most-injured-workers-never-claim
124,tools.medical-travel,citation,Open your email to the WCB with the C-257 and your receipts attached. You always review and tap send — nothing goes out on its own.,"Откройте почту с адресом WCB, с прикреплённой формой C-257 и Вашими чеками. Вы всегда просматриваете и нажимаете отправить — ничего не отправляется само по себе.",,,,tools.medical-travel.open-your-email-to-the
125,tools.medical-travel,citation,"The C-257, Claimant's Record of Medical and Travel Expenses and Request for Reimbursement, is the official Workers' Compensation Board form you use to itemize your medical and travel expenses and request payment. The Comp Desk fills it in from the trips and receipts you log and produces a ready-to-file copy.","Форма C-257, «Отчёт заявителя о медицинских и транспортных расходах и запрос на возмещение», — это официальная форма Комиссии по компенсации работникам (Workers' Compensation Board), которую Вы используете, чтобы детализировать Ваши медицинские и транспортные расходы и запросить оплату. The Comp Desk заполняет её на основе поездок и чеков, которые Вы регистрируете, и создаёт готовую к подаче копию.",,,,tools.medical-travel.the-c-257-claimant-s
126,tools.medical-travel,filing citation,"The Comp Desk generates your completed C-257 and opens your device's email to the Board's filing address with the form and your receipts attached, for you to review and send. You also serve a copy on the insurance carrier. The app never sends anything on its own — you always review and tap send.","The Comp Desk формирует Вашу заполненную форму C-257 и открывает почтовое приложение Вашего устройства с адресом подачи в Комиссию, с прикреплённой формой и Вашими чеками, для просмотра и отправки. Вы также направляете копию страховщику. Приложение никогда не отправляет ничего самостоятельно — Вы всегда просматриваете и нажимаете отправить.",,,,tools.medical-travel.the-comp-desk-generates-your
127,tools.medical-travel,citation,"Workers' comp reimburses your fares, mileage, and prescriptions going to and from care — most injured workers never claim it. Log a trip, snap a receipt, and Comp Buddy builds your C-257 to file with the Board.","Компенсация работникам возмещает Ваши расходы на проезд, пробег и рецепты при поездках до и от лечения — большинство травмированных работников никогда не заявляют об этом. Зарегистрируйте поездку, сфотографируйте чек, и Comp Buddy сформирует Вашу форму C-257 для подачи в Комиссию.",,,,tools.medical-travel.workers-comp-reimburses-your-fares
128,tools.mileage,citation,Automatically track your travel to medical appointments and generate C-257 reimbursement forms. Calculate mileage expenses and maintain a travel log for your workers' compensation case.,Автоматически отслеживайте Ваши поездки на медицинские приёмы и создавайте формы возмещения C-257. Рассчитывайте расходы на пробег и ведите журнал поездок для Вашего дела о компенсации работникам.,,,,tools.mileage.automatically-track-your-travel-to
129,tools.mileage,citation,Generate C-257 reimbursement forms automatically when you need them.,"Создавайте формы возмещения C-257 автоматически, когда они Вам нужны.",,,,tools.mileage.generate-c-257-reimbursement-forms
130,tools.utdm,deadline,"Deadlines tracked, alerts sent, compliance watched — so nothing slips by.","Сроки отслеживаются, уведомления отправляются, соблюдение контролируется — чтобы ничего не ускользнуло.",,,,tools.utdm.deadlines-tracked-alerts-sent-compliance
131,tools.utdm,deadline,Get alerts before reports are due — well ahead of any deadline.,Получайте уведомления до наступления срока отчётов — заблаговременно до любого срока.,,,,tools.utdm.get-alerts-before-reports-are
132,tools.utdm,deadline,Free deadline-monitoring tool for upcoming Trial De Novo Motions on New York workers' compensation cases.,Бесплатный инструмент мониторинга сроков для предстоящих Trial De Novo Motion по делам о компенсации работникам Нью-Йорка.,,,,tools.utdm.jsonld.free-deadline-monitoring-tool-for
133,tools.utdm,deadline,Stay ahead of your treatment deadlines.,Опережайте сроки Вашего лечения.,,,,tools.utdm.stay-ahead-of-your-treatment
134,tools.utdm,deadline,Track treatment report deadlines so you always know what's due next.,"Отслеживайте сроки отчётов о лечении, чтобы всегда знать, что предстоит дальше.",,,,tools.utdm.track-treatment-report-deadlines-so
135,tools.work-search,obligation,AI-powered job matching that respects your medical restrictions. Automatically generate work search logs required by the Workers' Compensation Board and find suitable employment opportunities.,"Подбор работы на основе ИИ с учётом Ваших медицинских ограничений. Автоматически создавайте журналы поиска работы, требуемые Комиссией по компенсации работникам (Workers' Compensation Board), и находите подходящие вакансии.",,,,tools.work-search.ai-powered-job-matching-that
136,tools.work-search,citation,Free AI-assisted work search log for New York workers' compensation claimants. Tracks the WCB-required job-search activities needed to maintain ongoing benefits.,"Бесплатный журнал поиска работы с помощью ИИ для заявителей по компенсации работникам Нью-Йорка. Отслеживает требуемые WCB действия по поиску работы, необходимые для сохранения текущих выплат.",,,,tools.work-search.jsonld.free-ai-assisted-work-search
137,tools.work-search,citation,Stay compliant with WCB requirements to help protect your benefits.,"Соблюдайте требования WCB, чтобы помочь защитить Ваши выплаты.",,,,tools.work-search.stay-compliant-with-wcb-requirements
138,worker,citation,Average Weekly WageWCL §14,Средняя недельная зарплатаWCL §14,,,,worker.average-weekly-wage-wcl-14
139,worker,filing citation,File your Form C-3 — the form that opens your WCB case — guided field by field.,"Подайте форму C-3 — форму, открывающую Ваше дело в WCB — с пошаговым заполнением каждого поля.",,,,worker.file-your-form-c-3
140,worker,citation,Form C-3 · ClaimStep 3 / 4,Форма C-3 · ЗаявлениеШаг 3 / 4,,,,worker.form-c-3-claim-step
141,worker,deadline filing citation,"Report the injury, file the C-3, open your WCB case within the deadlines.","Сообщите о травме, подайте форму C-3 и откройте дело в WCB в установленные сроки.",,,,worker.report-the-injury-file-the
142,worker,citation,"Search the NYS WCB's authorized-provider directory by location, specialty, and body part — so your treatment actually counts toward your claim.","Ищите в справочнике поставщиков, авторизованных WCB штата Нью-Йорк, по местоположению, специальности и части тела — чтобы Ваше лечение действительно засчитывалось для дела.",,,,worker.search-the-nys-wcb-s
143,worker,citation,Search the WCB-authorized provider directory so your treatment counts toward your claim.,"Ищите в справочнике поставщиков медицинских услуг, авторизованных WCB, чтобы Ваше лечение засчитывалось для дела.",,,,worker.search-the-wcb-authorized-provider
144,worker,citation,"Section 32 settlements, closing your case, and what to negotiate.","Мировые соглашения Section 32, закрытие дела и что можно обсудить в переговорах.",,,,worker.section-32-settlements-closing-your
145,worker,citation,"SLU is a permanent award for extremity injuries (arms, legs, hands, feet, eyes, ears, fingers, toes) under WCL §15(3). The award equals your weekly rate × the statutory weeks for that body part × the percentage of loss assigned to your injury. More on SLU here.","SLU — это постоянная выплата за травмы конечностей (руки, ноги, кисти, стопы, глаза, уши, пальцы рук, пальцы ног) по WCL §15(3). Выплата равна Вашей недельной ставке × установленное законом число недель для этой части тела × процент утраты, присвоенный Вашей травме. Подробнее о SLU здесь.",,,,worker.slu-is-a-permanent-award
146,worker,deadline citation,"The C-3 is what opens your WCB case — and the deadlines are strict. Comp Buddy walks you through it field by field in plain English, so nothing gets missed.","C-3 — это то, что открывает Ваше дело в WCB — а сроки строгие. Comp Buddy проведёт Вас по каждому полю простым языком, чтобы ничего не упустить.",,,,worker.the-c-3-is-what
147,worker,citation,"Workers' comp reimburses your fares, mileage, and prescriptions going to and from treatment — most workers never claim it. Scan a receipt, log a trip, and Comp Buddy builds your C-257.","Компенсация работникам возмещает Ваши расходы на проезд, пробег и рецептурные препараты при поездках на лечение и обратно — большинство работников никогда этим не пользуются. Отсканируйте чек, запишите поездку — и Comp Buddy создаст Вашу форму C-257.",,,,worker.workers-comp-reimburses-your-fares
148,worker,citation,"Your AWW under WCL §14, your comp rate, weekly benefit payments.","Ваш AWW по WCL §14, Ваша ставка компенсации, еженедельные выплаты.",,,,worker.your-aww-under-wcl-14
149,worker,citation,"Your weekly check is two-thirds of your Average Weekly Wage. Our free calculator runs all four statutory methods under WCL §14 — and shows the number, cited.",Ваш недельный чек составляет две трети от Вашей средней недельной зарплаты. Наш бесплатный калькулятор применяет все четыре установленных законом метода по WCL §14 — и показывает итоговую цифру со ссылкой на источник.,,,,worker.your-weekly-check-is-two
150,worker,citation,"Your weekly indemnity rate is two-thirds of your Average Weekly Wage (AWW), capped at the statutory maximum for your date of injury. AWW is calculated under WCL §14 using your earnings in the year before the injury — multiple statutory methods may apply depending on your work pattern. Our free AWW calculator shows you the number.","Ваша недельная ставка компенсации составляет две трети от Вашей средней недельной зарплаты (Average Weekly Wage, AWW), с ограничением до установленного законом максимума на дату Вашей травмы. AWW рассчитывается по WCL §14 на основе Ваших доходов за год до травмы — в зависимости от характера Вашей работы может применяться один из нескольких установленных законом методов. Наш бесплатный калькулятор AWW покажет Вам итоговую цифру.",,,,worker.your-weekly-indemnity-rate-is
