#,page,category,english_source,translation_es,APPROVED (y/n),CORRECTION (write the corrected text here),reviewer_notes,key
1,calculators.2012-impairment-guidelines-point-system,citation,2012 Impairment Guidelines point system (§S11.4–S11.7) for cervical and lumbar nerve root SLU. The IME-friendly chart with citations on every result.,Sistema de puntos de las Guías de Deterioro de 2012 (§S11.4–S11.7) para SLU de raíz nerviosa cervical y lumbar. La tabla amigable para IME con citas en cada resultado.,,,,calculators.2012-impairment-guidelines-point-system
2,calculators.aww,citation,"§14(1) — 52-Week Divisor: For workers employed substantially the whole year, total gross earnings in the 52 weeks preceding the accident are divided by 52. This is the default method for full-time, full-year workers.","§14(1) — Divisor de 52 Semanas: Para trabajadores empleados sustancialmente durante todo el año, los ingresos brutos totales de las 52 semanas anteriores al accidente se dividen entre 52. Este es el método predeterminado para trabajadores de tiempo completo durante todo el año.",,,,calculators.aww.14-1-52-week-divisor
3,calculators.aww,citation,"§14(2) — Day-Based Multiplier: When the claimant did NOT work substantially the whole year, average annual earnings are computed by multiplying the average daily wage by a statutory multiplier based on the claimant's regular work schedule:","§14(2) — Multiplicador Basado en Días: Cuando el reclamante NO trabajó sustancialmente todo el año, las ganancias anuales promedio se calculan multiplicando el salario diario promedio por un multiplicador legal basado en el horario de trabajo regular del reclamante:",,,,calculators.aww.14-2-day-based-multiplier
4,calculators.aww,citation,"§14 Multiplier (5-day worker): Average daily wage × 260 = average annual earnings, then ÷ 52 = AWW. Daily Wage = Total Earnings ÷ Days Worked. Then: Daily Wage × 260 ÷ 52 = AWW.","Multiplicador §14 (trabajador de 5 días): Salario diario promedio × 260 = ingresos anuales promedio, luego ÷ 52 = AWW. Salario Diario = Ingresos Totales ÷ Días Trabajados. Luego: Salario Diario × 260 ÷ 52 = AWW.",,,,calculators.aww.14-multiplier-5-day-worker
5,calculators.aww,citation,§14 SUBD. 1,§14 SUBD. 1,,,,calculators.aww.14-subd-1
6,calculators.aww,citation,§14 SUBD. 2,§14 SUBD. 2,,,,calculators.aww.14-subd-2
7,calculators.aww,citation,"§14 Subdivision 1: When the claimant worked substantially the whole year, AWW = Total Earnings ÷ 52. This is the simplest method and applies to full-year, consistent employment.","§14 Subdivisión 1: Cuando el reclamante trabajó sustancialmente todo el año, AWW = Ingresos Totales ÷ 52. Este es el método más simple y se aplica al empleo constante durante todo el año.",,,,calculators.aww.14-subdivision-1-when-the
8,calculators.aww,citation,"Average Weekly Wage (AWW) is the foundation of all New York workers' compensation benefits. Under Workers' Compensation Law §14, AWW determines the compensation rate — two-thirds (2/3) of AWW, capped at the statutory maximum set annually by DFS.","El salario semanal promedio (Average Weekly Wage, AWW) es la base de todos los beneficios de compensación para trabajadores de Nueva York. Según la Ley de Compensación para Trabajadores §14, el AWW determina la tarifa de compensación — dos tercios (2/3) del AWW, con un tope máximo legal fijado anualmente por el DFS.",,,,calculators.aww.average-weekly-wage-aww-is
9,calculators.aww,citation,Calculate Average Weekly Wage under Workers' Compensation Law §14. Choose the applicable statutory method based on the claimant's work history.,"Calcule el salario semanal promedio (AWW) según la Ley de Compensación para Trabajadores, §14. Elija el método legal aplicable según el historial laboral del reclamante.",,,,calculators.aww.calculate-average-weekly-wage-under
10,calculators.aww,citation,"Concurrent Employment: Under §14, wages from all concurrent employment at the time of injury are combined. If the claimant held two jobs, both sets of wages are included — even if only one employer's work caused the injury.","Empleo Concurrente: Según el §14, se combinan los salarios de todos los empleos concurrentes al momento de la lesión. Si el reclamante tenía dos empleos, se incluyen ambos conjuntos de salarios — aunque el trabajo de solo un empleador haya causado la lesión.",,,,calculators.aww.concurrent-employment-under-14-wages
11,calculators.aww,eligibility citation,Disclaimer: This calculator is provided for informational purposes only and does not constitute legal advice. AWW calculations are based on current New York State Workers' Compensation Law §14 and Department of Financial Services regulations. The accuracy of results depends on the wages entered. Disputes over AWW may require detailed wage documentation and adjudication by the Workers' Compensation Board. Consult a qualified workers' compensation attorney for guidance on your specific case.,Aviso legal: Esta calculadora se ofrece únicamente con fines informativos y no constituye asesoría legal. Los cálculos de AWW se basan en la Ley de Compensación para Trabajadores del Estado de Nueva York §14 vigente y en las regulaciones del Departamento de Servicios Financieros. La exactitud de los resultados depende de los salarios ingresados. Las disputas sobre el AWW pueden requerir documentación salarial detallada y resolución por parte de la Junta de Compensación para Trabajadores (Workers' Compensation Board). Consulte a un abogado calificado en compensación para trabajadores para obtener orientación sobre su caso específico.,,,,calculators.aww.disclaimer-this-calculator-is-provided
12,calculators.aww,citation,Earnings Work History (§14 Multiplier),Ingresos e Historial Laboral (Multiplicador §14),,,,calculators.aww.earnings-work-history-14-multiplier
13,calculators.aww,citation,"Free NYS Average Weekly Wage (AWW) calculator under WCL §14. Statutory methods: 52-week divisor, 200/260/300 multiplier, straight divisor.","Calculadora gratuita del salario semanal promedio (Average Weekly Wage, AWW) de NYS según WCL §14. Métodos legales: divisor de 52 semanas, multiplicador 200/260/300, divisor directo.",,,,calculators.aww.jsonld.free-nys-average-weekly-wage
14,calculators.aww,citation,Which WCL §14 method applies to me?,¿Qué método de WCL §14 se aplica en mi caso?,,,,calculators.aww.jsonld.which-wcl-14-method-applies
15,calculators.aww,citation,Yes — AWW is based on gross earnings including overtime. Wages from concurrent employment (a second job) may also be added under WCL §14(6) when the injury disables you from both jobs.,"Sí: el AWW se basa en los ingresos brutos, incluidas las horas extra. Los salarios de un empleo simultáneo (un segundo trabajo) también pueden sumarse según WCL §14(6) cuando la lesión lo incapacita para ambos empleos.",,,,calculators.aww.jsonld.yes-aww-is-based-on
16,calculators.aww,citation,"Your AWW is your gross earnings for the 52 weeks before the injury converted to a weekly figure under WCL §14. Nearly every benefit in your case — weekly checks, SLU awards, LWEC classifications — is computed from two-thirds of it.","Su AWW son sus ingresos brutos de las 52 semanas anteriores a la lesión, convertidos en una cifra semanal según WCL §14. Casi todos los beneficios de su caso —los cheques semanales, los pagos por SLU, las clasificaciones de LWEC— se calculan a partir de dos tercios de esa cifra.",,,,calculators.aww.jsonld.your-aww-is-your-gross
17,calculators.aww,citation,"Straight Divisor: AWW = Total Earnings ÷ Weeks Worked. Used by the Board when the §14 multiplier methods don't yield a fair result, or for irregular/seasonal workers, new hires, and part-year employment.","Divisor Directo: AWW = Ingresos Totales ÷ Semanas Trabajadas. La Junta lo usa cuando los métodos del multiplicador §14 no producen un resultado justo, o para trabajadores irregulares/estacionales, empleados nuevos y empleo de temporada parcial.",,,,calculators.aww.straight-divisor-aww-total-earnings
18,calculators.aww,citation,WCL §14 — How AWW Is Calculated,WCL §14 — Cómo se Calcula el AWW,,,,calculators.aww.wcl-14-how-aww-is
19,calculators.aww,citation,"Your AWW is your gross earnings for the 52 weeks before the injury converted to a weekly figure under WCL §14. Nearly every benefit in your case — weekly checks capped at the statutory maximum rate, Schedule Loss of Use (SLU) awards, and LWEC classifications — is computed from two-thirds of it.","Su AWW es su ingreso bruto de las 52 semanas anteriores a la lesión, convertido a una cifra semanal según el WCL §14. Casi todos los beneficios de su caso — cheques semanales limitados a la tasa máxima legal, las indemnizaciones por Pérdida permanente del uso de un miembro (Schedule Loss of Use, SLU), y las clasificaciones de LWEC — se calculan a partir de dos tercios de este monto.",,,,calculators.aww.your-aww-is-your-gross
20,calculators.benefit-rate,citation,Press the Look Up Rates button. The tool instantly returns the applicable statutory weekly maximum and minimum benefit rates under WCL §25(3).,Presione el botón Consultar Tasas. La herramienta devuelve al instante las tasas máximas y mínimas legales de beneficios semanales aplicables según el WCL §25(3).,,,,calculators.benefit-rate.jsonld.press-the-look-up-rates
21,calculators.benefit-rate,eligibility,Talk to a NY workers' comp attorney. Many offer free consultations and work on contingency — you pay nothing unless you win.,Hable con un abogado de compensación laboral de NY. Muchos ofrecen consultas gratuitas y trabajan por contingencia: usted no paga nada a menos que gane.,,,,calculators.benefit-rate.talk-to-a-ny-workers
22,calculators.calculate-your-aww-under-wcl,citation,"Calculate your AWW under WCL §14 and the 2/3 comp rate. Multi-employer, concurrent, and seasonal scenarios. Outputs the indemnity rate with citation.","Calcule su AWW conforme a WCL §14 y la tasa de compensación de 2/3. Escenarios de múltiples empleadores, empleo concurrente y estacional. Genera la tasa de indemnización con la cita legal.",,,,calculators.calculate-your-aww-under-wcl
23,calculators.ccp-award,citation,Attorney Fee (WCL §24): The fee on the award equals 15% of the moving (new money) amount. The fee on the CCP is 1/3 of the CCP dollar amount. Both are paid from claimant's award.,Honorario del Abogado (WCL §24): El honorario sobre la indemnización equivale al 15% del monto nuevo (dinero adicional). El honorario sobre el CCP es 1/3 del monto en dólares del CCP. Ambos se pagan de la indemnización del reclamante.,,,,calculators.ccp-award.attorney-fee-wcl-24-the
24,calculators.ccp-award,eligibility,"Disclaimer: This calculator is provided for informational purposes only and does not constitute legal advice. Award calculations are based on current New York State workers' compensation law and Department of Financial Services regulations. Actual awards are determined by the Workers' Compensation Board based on the specific record, medical evidence, and hearing outcomes. Consult a qualified workers' compensation attorney for guidance on your specific case.","Aviso legal: Esta calculadora se ofrece únicamente con fines informativos y no constituye asesoría legal. Los cálculos de las indemnizaciones se basan en la ley vigente de compensación para trabajadores del estado de Nueva York y en las regulaciones del Department of Financial Services. Las indemnizaciones reales son determinadas por el Workers' Compensation Board según el expediente específico, la evidencia médica y los resultados de las audiencias. Consulte a un abogado calificado en compensación para trabajadores para obtener orientación sobre su caso específico.",,,,calculators.ccp-award.disclaimer-this-calculator-is-provided
25,calculators.ccp-award,citation,Generate a WCB fee application pre-filled with these award figures.,Genere una solicitud de honorarios de WCB prellenada con estas cifras de la indemnización.,,,,calculators.ccp-award.generate-a-wcb-fee-application
26,calculators.ccp-award,citation,Generate WCB fee application (Pro feature),Generar solicitud de honorarios de WCB (función Pro),,,,calculators.ccp-award.generate-wcb-fee-application-pro.label
27,calculators.ccp-award,citation,"Attorney fees on accrued awards are commonly 15% of the accrued amount, subject to Workers' Compensation Board approval under WCL §24. The calculator shows the fee and the net to claimant.","Los honorarios del abogado sobre los pagos acumulados suelen ser el 15% del monto acumulado, sujetos a la aprobación del Workers' Compensation Board conforme a WCL §24. La calculadora muestra el honorario y el monto neto para el reclamante.",,,,calculators.ccp-award.jsonld.attorney-fees-on-accrued-awards
28,calculators.lwec,citation,"Attorneys are typically awarded 15 weeks multiplied by the weekly classification rate, deducted from the award and subject to Workers' Compensation Board approval under WCL §24. This calculator shows the full fee and net-to-claimant breakdown.","Por lo general, a los abogados se les otorgan 15 semanas multiplicadas por la tasa de clasificación semanal, que se deducen del pago y están sujetas a la aprobación del Workers' Compensation Board bajo WCL §24. Esta calculadora muestra el desglose completo del honorario y el monto neto para el reclamante.",,,,calculators.lwec.attorneys-are-typically-awarded-15
29,calculators.lwec,eligibility,"Disclaimer: This calculator is provided for informational purposes only and does not constitute legal advice. LWEC calculations are based on current New York State workers' compensation law and Department of Financial Services regulations. The classification percentage is determined by the Workers' Compensation Board and may vary based on medical evidence, vocational evaluation, and hearing outcomes. Consult a qualified workers' compensation attorney for guidance on your specific case.","Aviso legal: Esta calculadora se ofrece únicamente con fines informativos y no constituye asesoría legal. Los cálculos de LWEC se basan en la ley vigente de compensación para trabajadores del estado de Nueva York y en las regulaciones del Department of Financial Services. El porcentaje de clasificación lo determina el Workers' Compensation Board y puede variar según la evidencia médica, la evaluación vocacional y los resultados de las audiencias. Consulte a un abogado calificado en compensación para trabajadores para obtener orientación sobre su caso específico.",,,,calculators.lwec.disclaimer-this-calculator-is-provided
30,calculators.lwec,citation,How LWEC Is Calculated (WCL §15(3)(w)),Cómo se Calcula LWEC (WCL §15(3)(w)),,,,calculators.lwec.how-lwec-is-calculated-wcl
31,calculators.lwec,citation,"Attorneys are typically awarded 15 weeks multiplied by the weekly classification rate, deducted from the award and subject to Workers' Compensation Board approval under WCL §24.","Por lo general, a los abogados se les otorgan 15 semanas multiplicadas por la tasa semanal de clasificación, deducidas del beneficio y sujetas a la aprobación de la Junta de Compensación Laboral (Workers' Compensation Board) según WCL §24.",,,,calculators.lwec.jsonld.attorneys-are-typically-awarded-15
32,calculators.lwec,citation,"No. A Schedule Loss of Use (SLU) award pays a fixed number of weeks for permanent loss of use of an extremity under WCL §15(3). LWEC compensates non-schedule permanent injuries — spine, head, and systemic conditions — with weekly benefits over a capped duration.","No. Un beneficio de pérdida permanente del uso de un miembro (Schedule Loss of Use, SLU) paga un número fijo de semanas por la pérdida permanente de uso de una extremidad según WCL §15(3). LWEC compensa lesiones permanentes no programadas — columna, cabeza y condiciones sistémicas — con beneficios semanales durante una duración limitada.",,,,calculators.lwec.jsonld.no-a-schedule-loss-of
33,calculators.lwec,citation,WCL §15(3)(w) caps benefit weeks by LWEC percentage — from 225 weeks at 15% or less up to 525 weeks at over 95%. Workers found permanently totally disabled receive lifetime benefits.,La WCL §15(3)(w) limita las semanas de beneficio según el porcentaje de LWEC — desde 225 semanas con 15% o menos hasta 525 semanas con más de 95%. Los trabajadores clasificados con incapacidad total permanente (PTD) reciben beneficios de por vida.,,,,calculators.lwec.jsonld.wcl-15-3-w-caps
34,calculators.lwec,citation,"New York permanency awards come in two forms. A Schedule Loss of Use (SLU) award pays a fixed number of weeks for permanent loss of use of an extremity — arm, hand, leg, foot, fingers, vision, or hearing — under WCL §15(3), even if you're back at work at full pay. LWEC covers non-schedule permanent injuries (spine, head, systemic conditions) with weekly benefits paid over a capped duration. A case generally resolves under one framework or the other for a given injury.","Los pagos por incapacidad permanente en Nueva York vienen en dos formas. Un pago por Pérdida permanente del uso (SLU) paga un número fijo de semanas por la pérdida permanente del uso de una extremidad — brazo, mano, pierna, pie, dedos, visión u oído — bajo WCL §15(3), incluso si usted ya volvió a trabajar con salario completo. LWEC cubre lesiones permanentes no programadas (columna, cabeza, afecciones sistémicas) con beneficios semanales pagados durante una duración limitada. Un caso generalmente se resuelve bajo uno u otro marco para una lesión determinada.",,,,calculators.lwec.new-york-permanency-awards-come
35,calculators.lwec,citation,"No. A Schedule Loss of Use (SLU) award pays a fixed number of weeks for permanent loss of use of an extremity under WCL §15(3). LWEC compensates non-schedule permanent injuries — spine, head, and systemic conditions — with weekly benefits over a capped duration.","No. Un pago por Pérdida permanente del uso (SLU) paga un número fijo de semanas por la pérdida permanente del uso de una extremidad bajo WCL §15(3). LWEC compensa lesiones permanentes no programadas — columna, cabeza y afecciones sistémicas — con beneficios semanales durante una duración limitada.",,,,calculators.lwec.no-a-schedule-loss-of
36,calculators.lwec,citation,The duration is capped by WCL §15(3)(w): the LWEC percentage falls into a bracket that sets the maximum weeks of benefits — from 225 weeks at 15% or less up to 525 weeks above 95%. Workers classified with a permanent total disability receive lifetime benefits.,La duración está limitada por WCL §15(3)(w): el porcentaje de LWEC se ubica dentro de un rango que fija el máximo de semanas de beneficios — desde 225 semanas con 15% o menos hasta 525 semanas con más del 95%. Los trabajadores clasificados con incapacidad total permanente reciben beneficios de por vida.,,,,calculators.lwec.the-duration-is-capped-by
37,calculators.radiculopathy,obligation eligibility,Disclaimer: This calculator is provided for informational purposes only and does not constitute legal advice. It implements the point system from the 2012 NYS Impairment Guidelines (Tables S11.4–S11.7). The severity ranking output must be used with Tables 11.1 or 11.2 to determine the final Medical Impairment Class. Actual findings are determined by the Workers' Compensation Board based on all medical evidence. Consult a qualified workers' compensation attorney for guidance on your specific case.,Aviso legal: Esta calculadora se ofrece únicamente con fines informativos y no constituye asesoría legal. Implementa el sistema de puntos de las Guías de Deterioro de NYS de 2012 (Tablas S11.4–S11.7). El resultado de la clasificación de gravedad debe usarse junto con las Tablas 11.1 o 11.2 para determinar la Clase de Impedimento Médico final. Los hallazgos reales son determinados por la Junta de Compensación Laboral (Workers' Compensation Board) con base en toda la evidencia médica. Consulte a un abogado de compensación laboral calificado para orientación sobre su caso específico.,,,,calculators.radiculopathy.disclaimer-this-calculator-is-provided
38,calculators.rates,eligibility,"Disclaimer: This rate lookup is provided for informational purposes only and does not constitute legal advice. Rates shown are based on New York Department of Financial Services announcements and are accurate as of the dates shown. For the most current rate information, consult the official DFS website or a qualified workers' compensation attorney.","Aviso legal: Esta consulta de tasas se ofrece únicamente con fines informativos y no constituye asesoría legal. Las tasas mostradas se basan en anuncios del Departamento de Servicios Financieros de Nueva York y son precisas a partir de las fechas indicadas. Para obtener la información de tasas más actualizada, consulte el sitio web oficial del DFS o a un abogado de compensación laboral calificado.",,,,calculators.rates.disclaimer-this-rate-lookup-is
39,calculators.rates,citation,"For injuries on or after July 1, 2026, the maximum weekly compensation rate is $1,281.50, per WCB Subject No. 046-1805. For dates of injury between July 1, 2025 and June 30, 2026, the maximum is $1,222.42.","Para lesiones ocurridas a partir del 1 de julio de 2026, la tasa semanal máxima de compensación es de $1,281.50, según WCB Subject No. 046-1805. Para fechas de lesión entre el 1 de julio de 2025 y el 30 de junio de 2026, el máximo es de $1,222.42.",,,,calculators.rates.for-injuries-on-or-after
40,calculators.rates,citation,"For injuries on or after July 1, 2026, the maximum weekly compensation rate in New York is $1,281.50, per WCB Subject No. 046-1805. For dates of injury between July 1, 2025 and June 30, 2026, the maximum is $1,222.42.","Para lesiones ocurridas a partir del 1 de julio de 2026, la tasa semanal máxima de compensación en Nueva York es de $1,281.50, según el WCB Subject No. 046-1805. Para fechas de lesión entre el 1 de julio de 2025 y el 30 de junio de 2026, el máximo es de $1,222.42.",,,,calculators.rates.jsonld.for-injuries-on-or-after
41,calculators.rates,eligibility,"Rates are updated annually by the New York Department of Financial Services. The rate effective on the date of injury applies throughout the case, unless modified by subsequent legislation.","Las tasas se actualizan anualmente por el Departamento de Servicios Financieros de Nueva York. La tasa vigente en la fecha de la lesión aplica durante todo el caso, salvo que sea modificada por legislación posterior.",,,,calculators.rates.rates-are-updated-annually-by
42,calculators.rates,citation,"The maximum weekly workers' compensation rate in New York State is $1,281.50 for injuries occurring on or after July 1, 2026, per WCB Subject No. 046-1805. For dates of injury between July 1, 2025 and June 30, 2026, the maximum is $1,222.42.","La tasa máxima semanal de compensación laboral en el estado de Nueva York es de $1,281.50 para lesiones ocurridas a partir del 1 de julio de 2026, según WCB Subject No. 046-1805. Para fechas de lesión entre el 1 de julio de 2025 y el 30 de junio de 2026, el máximo es de $1,222.42.",,,,calculators.rates.the-maximum-weekly-workers-compensation
43,calculators.rates,citation,"Under WCL §15(6), the maximum weekly benefit equals two-thirds of the New York State Average Weekly Wage (NYSAWW). The NYSAWW — defined in WCL §2(16) — is the average weekly wage of all workers covered by New York unemployment insurance for the previous calendar year, calculated by the NYS Department of Labor and reported to the Superintendent of Financial Services by March 31 each year.","Conforme a WCL §15(6), el beneficio semanal máximo equivale a dos tercios del Salario Semanal Promedio del Estado de Nueva York (New York State Average Weekly Wage, NYSAWW). El NYSAWW — definido en WCL §2(16) — es el salario semanal promedio de todos los trabajadores cubiertos por el seguro de desempleo de Nueva York durante el año calendario anterior, calculado por el Departamento de Trabajo de NYS y reportado al Superintendente de Servicios Financieros a más tardar el 31 de marzo de cada año.",,,,calculators.rates.under-wcl-15-6-the
44,calculators.slu,citation,"Attorney Fee: Under WCL §24, attorneys are typically awarded 15% of the moving (new money) portion of any SLU award. This calculator shows the full breakdown: total value, prior deduction, moving amount, attorney fee (15%), and net to claimant.","Honorarios del Abogado: Conforme a WCL §24, a los abogados normalmente se les otorga el 15% de la porción en movimiento (dinero nuevo) de cualquier compensación SLU. Esta calculadora muestra el desglose completo: valor total, deducción previa, monto en movimiento, honorarios del abogado (15%) y neto para el reclamante.",,,,calculators.slu.attorney-fee-under-wcl-24
45,calculators.slu,citation,"Calculate Schedule Loss of Use benefits for extremity injuries under New York Workers' Compensation Law §15(3). Includes prior award deductions, attorney fee, and net to claimant.","Calcule los beneficios de Pérdida permanente del uso para lesiones en extremidades conforme a la Ley de Compensación Laboral de Nueva York §15(3). Incluye deducciones por compensaciones previas, honorarios del abogado y neto para el reclamante.",,,,calculators.slu.calculate-schedule-loss-of-use
46,calculators.slu,eligibility citation,"Disclaimer: This calculator is provided for informational purposes only and does not constitute legal advice. SLU calculations are based on current New York State Workers' Compensation Law §15(3) and Department of Financial Services regulations. Actual awards are determined by the Workers' Compensation Board and may vary based on medical evidence, hearing decisions, and specific case circumstances. Consult a qualified workers' compensation attorney for guidance on your specific case.","Aviso legal: Esta calculadora se ofrece únicamente con fines informativos y no constituye asesoría legal. Los cálculos de SLU se basan en la Ley de Compensación Laboral del Estado de Nueva York §15(3) vigente y en las regulaciones del Departamento de Servicios Financieros. Las compensaciones reales son determinadas por la Junta de Compensación Laboral (Workers' Compensation Board) y pueden variar según la evidencia médica, las decisiones de audiencia y las circunstancias específicas del caso. Consulte a un abogado de compensación laboral calificado para orientación sobre su caso específico.",,,,calculators.slu.disclaimer-this-calculator-is-provided
47,calculators.slu,citation,Generate a WCB fee application pre-filled with these results.,"Genere una solicitud de honorarios de la WCB, prellenada con estos resultados.",,,,calculators.slu.generate-a-wcb-fee-application
48,calculators.slu,citation,"An SLU award is a statutory workers' compensation award under WCL §15(3) that compensates permanent loss of use of an extremity, vision, or hearing. The law assigns each body part a maximum number of weeks; your award equals your percentage loss of use multiplied by those weeks, multiplied by your weekly rate.","Una compensación SLU es una compensación legal de compensación laboral conforme a WCL §15(3) que indemniza la pérdida permanente de uso de una extremidad, la visión o la audición. La ley asigna a cada parte del cuerpo un número máximo de semanas; su compensación equivale a su porcentaje de pérdida de uso multiplicado por esas semanas, multiplicado por su tasa semanal.",,,,calculators.slu.jsonld.an-slu-award-is-a
49,calculators.slu,citation,"Free NYS Schedule Loss of Use (SLU) calculator under WCL §15(3). Includes prior award deductions, attorney fee, and net to claimant.","Calculadora gratuita de Pérdida permanente del uso de un miembro (Schedule Loss of Use, SLU) de NYS conforme a WCL §15(3). Incluye deducciones por compensaciones previas, honorarios del abogado y neto para el reclamante.",,,,calculators.slu.jsonld.free-nys-schedule-loss-of
50,calculators.slu,waiver citation,"Many injured workers call their SLU award a settlement, and the schedule of weeks by body part is often searched for as a settlement chart. Strictly, an SLU award is a statutory award driven by your percentage loss of use — different from a Section 32 settlement, which is a negotiated lump sum that closes the case.","Muchos trabajadores lesionados llaman a su compensación SLU un ""convenio"", y la tabla de semanas por parte del cuerpo a menudo se busca como una tabla de convenios. En sentido estricto, una compensación SLU es una compensación legal determinada por su porcentaje de pérdida de uso — distinta de un convenio Section 32, que es una suma global negociada que cierra el caso.",,,,calculators.slu.jsonld.many-injured-workers-call-their
51,calculators.slu,eligibility,Which injuries qualify for SLU instead of LWEC?,¿Qué lesiones califican para SLU en lugar de LWEC?,,,,calculators.slu.jsonld.which-injuries-qualify-for-slu
52,calculators.slu,citation,"Many injured workers think of the SLU award as their ""settlement"" — if you've been searching for a NYS workers' comp settlement chart for an arm, hand, leg, or foot injury, the §15(3) schedule below is that chart, and this calculator turns it into a dollar estimate of your SLU settlement value.","Muchos trabajadores lesionados piensan en la compensación SLU como su ""convenio"" — si ha estado buscando una tabla de convenios de compensación laboral de NYS para una lesión de brazo, mano, pierna o pie, la tabla del §15(3) a continuación es esa tabla, y esta calculadora la convierte en una estimación en dólares del valor de su convenio SLU.",,,,calculators.slu.many-injured-workers-think-of
53,calculators.slu,citation,"PHP = Prior weeks paid at the temporary total (healing) rate, which may be added to the SLU calculation depending on specific circumstances. This WCL §15(3) schedule is what many people mean by the ""NYS workers' comp settlement chart"" for schedule injuries.","PHP = Semanas previas pagadas a la tasa temporal total (de curación), que pueden sumarse al cálculo del SLU según las circunstancias específicas. Esta tabla de WCL §15(3) es a lo que muchas personas se refieren como la ""tabla de convenios de compensación laboral de NYS"" para lesiones programadas.",,,,calculators.slu.php-prior-weeks-paid-at
54,calculators.slu,citation,"Schedule Loss of Use (SLU) is a fixed benefit available to injured workers in New York State under Workers' Compensation Law §15(3). Unlike permanent partial disability benefits, SLU provides a predetermined number of weeks of benefits based on the specific body part injured and the degree of permanent loss of use.","La Pérdida permanente del uso (SLU) es un beneficio fijo disponible para los trabajadores lesionados en el estado de Nueva York conforme a la Ley de Compensación Laboral §15(3). A diferencia de los beneficios por incapacidad parcial permanente, el SLU otorga un número predeterminado de semanas de beneficios según la parte del cuerpo lesionada específica y el grado de pérdida permanente del uso.",,,,calculators.slu.schedule-loss-of-use-slu
55,calculators.slu-permanency-awards-under-wcl,citation,SLU permanency awards under WCL §15(3) for every body part. Includes the 2024 Permanency Guidelines update and award calculation by AWW × loss % × statutory weeks.,Compensaciones de permanencia SLU conforme a WCL §15(3) para cada parte del cuerpo. Incluye la actualización de las Guías de Permanencia de 2024 y el cálculo de la compensación mediante AWW × % de pérdida × semanas legales.,,,,calculators.slu-permanency-awards-under-wcl
56,coming-soon,citation,"GPS detects when you travel to treatment. Automatically logs date, origin, destination, and round-trip mileage. Auto-fills your C-257 Travel Reimbursement form — print and submit.","El GPS detecta cuándo se traslada a su tratamiento. Registra automáticamente la fecha, origen, destino y millaje de ida y vuelta. Completa automáticamente su formulario de Reembolso de Viajes C-257 — imprima y presente.",,,,coming-soon.gps-detects-when-you-travel
57,connect-with-attorney,filing,"Submit your case details and we'll connect you with a licensed NYS workers' compensation attorney. It's free, simple, and transparent.","Envíe los detalles de su caso y lo conectaremos con un abogado de compensación laboral con licencia en NYS. Es gratis, simple y transparente.",,,,connect-with-attorney.submit-your-case-details-and
58,connect-with-attorney,filing,"Submit your county, injury type, and case stage. No account needed. Your information stays private and is only shared with one participating attorney at a time.","Envíe su condado, tipo de lesión y etapa del caso. No necesita cuenta. Su información se mantiene privada y solo se comparte con un abogado participante a la vez.",,,,connect-with-attorney.submit-your-county-injury-type
59,disclaimer,eligibility,"Inclusion of any attorney in The Comp Desk's Find an Attorney directory is not an endorsement, recommendation, or certification of that attorney's qualifications or services.","La inclusión de cualquier abogado en el directorio Find an Attorney de The Comp Desk no constituye un aval, recomendación o certificación de las calificaciones o servicios de ese abogado.",,,,disclaimer.inclusion-of-any-attorney-in
60,disclaimer,eligibility,"The content, calculators, guides, and tools available on The Comp Desk (thecompdesk.com) are provided for general informational purposes only. Nothing on this site constitutes legal advice, legal opinion, or a substitute for consultation with a qualified attorney licensed in your jurisdiction.","El contenido, las calculadoras, las guías y las herramientas disponibles en The Comp Desk (thecompdesk.com) se ofrecen únicamente con fines informativos generales. Nada en este sitio constituye asesoría legal, opinión legal, ni sustituye la consulta con un abogado calificado con licencia en su jurisdicción.",,,,disclaimer.the-content-calculators-guides-and
61,legal.privacy,obligation filing,"If a data breach affecting your personal information occurs, we will notify affected users and applicable authorities as required by law.","Si ocurre una brecha de datos que afecte su información personal, notificaremos a los usuarios afectados y a las autoridades correspondientes según lo exija la ley.",,,,legal.privacy.if-a-data-breach-affecting
62,legal.privacy,filing,"Our calculators run entirely in your browser; the wages, dates, and other figures you enter are processed on your device and are not transmitted to or stored on our servers. Separately, if you submit a contact form, request an attorney referral, create an account, or opt in to IME or hearing reminders, we collect the information you choose to provide. Depending on what you do, this may include your name, email address, phone number, and details about your potential workers' compensation matter, so that we can respond to you, route your request to a participating attorney, or send the reminders you requested.","Nuestras calculadoras funcionan completamente en su navegador; los salarios, fechas y demás cifras que ingresa se procesan en su dispositivo y no se transmiten ni almacenan en nuestros servidores. Por separado, si envía un formulario de contacto, solicita una referencia de abogado, crea una cuenta o se suscribe a recordatorios de IME o audiencias, recopilamos la información que usted decide proporcionar. Según lo que haga, esto puede incluir su nombre, dirección de correo electrónico, número de teléfono y detalles sobre su posible asunto de compensación laboral, para que podamos responderle, dirigir su solicitud a un abogado participante o enviarle los recordatorios que solicitó.",,,,legal.privacy.our-calculators-run-entirely-in
63,legal.privacy,eligibility,"This policy covers the thecompdesk.com website, our mobile app and browser extension, our workers' compensation calculators, our contact and attorney-referral forms, our reminder features, and registered attorney accounts. It does not cover the practices of independent attorneys to whom you may be referred, who maintain their own privacy practices and become responsible for your information once it is shared with them.","Esta política cubre el sitio web thecompdesk.com, nuestra app móvil y extensión de navegador, nuestras calculadoras de compensación laboral, nuestros formularios de contacto y referencia de abogados, nuestras funciones de recordatorio y las cuentas registradas de abogados. No cubre las prácticas de los abogados independientes a quienes podamos referirlo, quienes mantienen sus propias prácticas de privacidad y se vuelven responsables de su información una vez que se comparte con ellos.",,,,legal.privacy.this-policy-covers-the-thecompdesk
64,legal.privacy,obligation,"We may disclose information if required by law, subpoena, or other legal process, or where we believe disclosure is necessary to protect our rights, your safety, or the safety of others.","Podemos divulgar información si así lo exige la ley, una citación judicial u otro proceso legal, o cuando consideremos que la divulgación es necesaria para proteger nuestros derechos, su seguridad o la seguridad de otros.",,,,legal.privacy.we-may-disclose-information-if
65,legal.privacy,filing,"We may update this Privacy Policy from time to time. Changes will be posted to this page with an updated ""Last updated"" date. For material changes, we will make reasonable efforts to notify registered users by email. Continued use of the Services after changes take effect constitutes acceptance of the revised policy.","Podemos actualizar esta Política de Privacidad de vez en cuando. Los cambios se publicarán en esta página con una fecha actualizada de ""Última actualización"". Para cambios significativos, haremos esfuerzos razonables para notificar a los usuarios registrados por correo electrónico. El uso continuado de los Servicios después de que los cambios entren en vigor constituye la aceptación de la política revisada.",,,,legal.privacy.we-may-update-this-privacy
66,legal.privacy,obligation citation,"We retain aggregate analytics data for up to 24 months. Account data is retained while your account is active. Road to Recovery questionnaire answers and checklist progress are retained while your account is active and are deleted when your account is deleted; the general, de-identified roadmap explanations described in Section 3.6 contain no personal information and may be retained. Information you submit through a referral or contact form is retained as long as needed to provide the service you requested and as required by law, after which it is deleted or de-identified.","Conservamos los datos analíticos agregados hasta por 24 meses. Los datos de la cuenta se conservan mientras su cuenta esté activa. Las respuestas del cuestionario de Road to Recovery y el progreso de la lista de verificación se conservan mientras su cuenta esté activa y se eliminan cuando se elimina su cuenta; las explicaciones generales y desidentificadas de la hoja de ruta descritas en la Sección 3.6 no contienen información personal y pueden conservarse. La información que envía a través de un formulario de referencia o contacto se conserva mientras sea necesario para prestar el servicio que solicitó y según lo exija la ley, después de lo cual se elimina o desidentifica.",,,,legal.privacy.we-retain-aggregate-analytics-data
67,legal.privacy,deadline,You may request access to or correction of the personal information we hold about you by emailing privacy@thecompdesk.com. We will respond within 30 days.,"Puede solicitar acceso a la información personal que tenemos sobre usted, o su corrección, escribiendo a privacy@thecompdesk.com. Responderemos dentro de 30 días.",,,,legal.privacy.you-may-request-access-to
68,pricing,deadline,🎯Priority supportResponse within 1 business day,🎯Soporte prioritarioRespuesta dentro de 1 día hábil,,,,pricing.priority-support-response-within-1
69,settlement-calculator,citation,"Choose the injured body part from the WCL §15(3) schedule — arm, leg, hand, foot, finger, toe, eye, or ear.","Elija la parte del cuerpo lesionada de la tabla de WCL §15(3) — brazo, pierna, mano, pie, dedo de la mano, dedo del pie, ojo u oído.",,,,settlement-calculator.choose-the-injured-body-part
70,settlement-calculator,citation,Compare your SLU award estimate against a potential Section 32 settlement to understand which path may be right for your situation.,Compare su estimación de compensación SLU con un posible convenio Section 32 para entender qué camino puede ser el adecuado para su situación.,,,,settlement-calculator.compare-your-slu-award-estimate
71,settlement-calculator,citation,"Different body parts have different week schedules under WCL §15(3). An arm loss is worth more weeks than a finger loss. Non-scheduled injuries (back, neck) are evaluated differently and may support higher lump sums.","Distintas partes del cuerpo tienen distintas tablas de semanas conforme a WCL §15(3). Una pérdida de brazo vale más semanas que una pérdida de dedo. Las lesiones no programadas (espalda, cuello) se evalúan de forma diferente y pueden respaldar sumas globales más altas.",,,,settlement-calculator.different-body-parts-have-different
72,settlement-calculator,citation,Estimate the value of your NYS workers' compensation settlement. Calculate Schedule Loss of Use (SLU) awards by body part under WCL §15(3) and explore whether a Section 32 settlement makes sense for your case.,"Estime el valor de su convenio de compensación laboral de NYS. Calcule compensaciones por Pérdida permanente del uso de un miembro (Schedule Loss of Use, SLU) por parte del cuerpo conforme a WCL §15(3) y explore si un convenio Section 32 tiene sentido para su caso.",,,,settlement-calculator.estimate-the-value-of-your
73,settlement-calculator,obligation eligibility waiver citation,"A Section 32 agreement is a voluntary settlement under Workers' Compensation Law §32 that allows the claimant and carrier to resolve the entire case with a lump-sum payment. Once approved by the Workers' Compensation Board, it closes the case permanently — including future medical benefits unless specifically excluded. Both parties must consent, and the Board reviews the agreement to ensure it is in the claimant's best interest.","Un acuerdo Section 32 es un convenio voluntario conforme a la Ley de Compensación Laboral §32 que permite al reclamante y a la aseguradora resolver todo el caso mediante un pago único. Una vez aprobado por la Junta de Compensación Laboral (Workers' Compensation Board), cierra el caso de forma permanente — incluidos los beneficios médicos futuros, salvo que se excluyan específicamente. Ambas partes deben consentir, y la Junta revisa el acuerdo para asegurarse de que beneficie al reclamante.",,,,settlement-calculator.jsonld.a-section-32-agreement-is
74,settlement-calculator,citation,"Average workers' comp settlements in New York vary widely depending on the severity of the injury, the body part affected, and whether the claim involves Schedule Loss of Use or a classification injury. SLU settlements for a single extremity typically range from $10,000 to $150,000+ depending on the percentage of loss and the compensation rate at the time of injury. Section 32 settlements can be substantially higher or lower depending on negotiation and medical permanency findings. An experienced attorney can evaluate comparable cases to estimate your settlement value.","Los convenios promedio de compensación laboral en Nueva York varían ampliamente según la gravedad de la lesión, la parte del cuerpo afectada y si el reclamo involucra Pérdida permanente del uso de un miembro (Schedule Loss of Use, SLU) o una lesión de clasificación. Los convenios SLU para una sola extremidad generalmente oscilan entre $10,000 y $150,000+ según el porcentaje de pérdida y la tasa de compensación vigente al momento de la lesión. Los convenios Section 32 pueden ser sustancialmente más altos o más bajos según la negociación y los hallazgos médicos de permanencia. Un abogado con experiencia puede evaluar casos comparables para estimar el valor de su convenio.",,,,settlement-calculator.jsonld.average-workers-comp-settlements-in
75,settlement-calculator,waiver citation,"In New York, workers' compensation settlements are calculated based on the type of case. For Schedule Loss of Use (SLU) awards under WCL §15(3), the value equals the percentage of loss times the number of weeks assigned to that body part, multiplied by the claimant's compensation rate (2/3 of average weekly wage, capped at the statutory maximum). Section 32 settlements involve a lump-sum payment that closes the case entirely and are negotiated based on the present value of future benefits.","En Nueva York, los convenios de compensación laboral se calculan según el tipo de caso. Para compensaciones por Pérdida permanente del uso de un miembro (Schedule Loss of Use, SLU) conforme a WCL §15(3), el valor equivale al porcentaje de pérdida multiplicado por el número de semanas asignadas a esa parte del cuerpo, multiplicado por la tasa de compensación del reclamante (2/3 del salario semanal promedio, con tope en el máximo legal). Los convenios Section 32 implican un pago único que cierra el caso por completo y se negocian con base en el valor presente de los beneficios futuros.",,,,settlement-calculator.jsonld.in-new-york-workers-compensation
76,settlement-calculator,citation,"The timeline for a workers' comp settlement in New York depends on the case type. SLU awards are typically determined 1-3 years post-injury following maximum medical improvement (MMI). Section 32 settlements can take 6 months to several years to negotiate, depending on the complexity of the case, the strength of medical evidence, and the parties' positions. Once the settlement is signed and submitted to the Workers' Compensation Board, approval typically takes 1-2 weeks.","El cronograma de un convenio de compensación laboral en Nueva York depende del tipo de caso. Las compensaciones SLU generalmente se determinan de 1 a 3 años después de la lesión, tras alcanzar la mejoría médica máxima (Maximum Medical Improvement, MMI). Los convenios Section 32 pueden tardar de 6 meses a varios años en negociarse, según la complejidad del caso, la solidez de la evidencia médica y las posiciones de las partes. Una vez firmado y presentado el convenio ante la Junta de Compensación Laboral (Workers' Compensation Board), la aprobación generalmente toma de 1 a 2 semanas.",,,,settlement-calculator.jsonld.the-timeline-for-a-workers
77,settlement-calculator,citation,"The value of a NYS workers' compensation case depends on your average weekly wage, the body parts injured, the percentage of permanent impairment, your date of injury (which determines the maximum rate), and whether you have a Schedule Loss of Use (extremity) or classification (non-schedule) case. Use our free calculator to estimate SLU values, or consult with an attorney for a comprehensive case valuation including Section 32 settlement potential.","El valor de un caso de compensación laboral de NYS depende de su salario semanal promedio, las partes del cuerpo lesionadas, el porcentaje de impedimento permanente, su fecha de lesión (que determina la tasa máxima) y si su caso es de Pérdida permanente del uso de un miembro (Schedule Loss of Use, SLU) (extremidad) o de clasificación (no programada). Use nuestra calculadora gratuita para estimar valores de SLU, o consulte con un abogado para una valoración integral del caso, incluido el potencial de un convenio Section 32.",,,,settlement-calculator.jsonld.the-value-of-a-nys
78,settlement-calculator,citation,What is a Section 32 agreement in NYS workers' compensation?,¿Qué es un acuerdo Section 32 en la compensación laboral de NYS?,,,,settlement-calculator.jsonld.what-is-a-section-32
79,settlement-calculator,obligation,Must be approved by the Workers' Compensation Board,Debe ser aprobado por la Junta de Compensación Laboral (Workers' Compensation Board),,,,settlement-calculator.must-be-approved-by-the
80,settlement-calculator,citation,SLU Award (§15(3)),Compensación SLU (§15(3)),,,,settlement-calculator.slu-award-15-3
81,settlement-calculator,citation,"The extent of future medical care needed affects Section 32 settlement negotiations. More ongoing treatment needs typically increase settlement value. Future surgery, therapy, or specialist care all factor into negotiation.","El alcance de la atención médica futura necesaria afecta las negociaciones del convenio Section 32. Más necesidades de tratamiento continuo generalmente aumentan el valor del convenio. La cirugía futura, la terapia o la atención especializada influyen en la negociación.",,,,settlement-calculator.the-extent-of-future-medical
82,settlement-calculator,citation,"The value of a NYS workers' compensation case depends on your average weekly wage, the body parts injured, the percentage of permanent impairment, your date of injury (which determines the maximum rate), and whether you have a Schedule Loss of Use (extremity) or classification (non-schedule) case. Use our free calculator above to estimate SLU values, or consult with an attorney for a comprehensive case valuation including Section 32 settlement potential.","El valor de un caso de compensación laboral de NYS depende de su salario semanal promedio, las partes del cuerpo lesionadas, el porcentaje de impedimento permanente, su fecha de lesión (que determina la tasa máxima) y si su caso es de Pérdida permanente del uso (extremidad) o de clasificación (no programada). Use nuestra calculadora gratuita de arriba para estimar valores de SLU, o consulte con un abogado para una valoración integral del caso, incluido el potencial de un convenio Section 32.",,,,settlement-calculator.the-value-of-a-nys
83,settlement-calculator,eligibility waiver,Typically closes medical benefits (unless carved out),Generalmente cierra los beneficios médicos (a menos que se excluyan),,,,settlement-calculator.typically-closes-medical-benefits-unless
84,settlement-calculator,citation,What is a Section 32 agreement?,¿Qué es un acuerdo Section 32?,,,,settlement-calculator.what-is-a-section-32
85,settlement-calculator,citation,"Younger claimants with limited work capacity may receive higher settlements because they have longer earning potential ahead. Age, residual functional capacity, and vocational prospects all influence Section 32 value significantly.","Los reclamantes más jóvenes con capacidad laboral limitada pueden recibir convenios más altos porque tienen un mayor potencial de ingresos por delante. La edad, la capacidad funcional residual y las perspectivas vocacionales influyen significativamente en el valor del convenio Section 32.",,,,settlement-calculator.younger-claimants-with-limited-work
86,settlement-calculator,citation,Your date of injury determines which compensation rate applies. Older injuries use lower rates; newer injuries use higher current rates. This significantly impacts both SLU awards and Section 32 settlement value.,Su fecha de lesión determina qué tasa de compensación aplica. Las lesiones más antiguas usan tasas más bajas; las lesiones más recientes usan las tasas actuales más altas. Esto impacta significativamente tanto las compensaciones SLU como el valor del convenio Section 32.,,,,settlement-calculator.your-date-of-injury-determines
87,tools.claim-filing,filing citation,"A step-by-step wizard that walks you through the WCB Form C-3 — the form that opens your New York workers' compensation case — in plain English, field by field. Answer simple questions and we build your signed, filing-ready PDF.","Un asistente paso a paso que lo guía a través del Formulario C-3 de la WCB — el formulario que abre su caso de compensación laboral en Nueva York — en lenguaje sencillo, campo por campo. Responda preguntas simples y nosotros armamos su PDF firmado y listo para presentar.",,,,tools.claim-filing.a-step-by-step-wizard
88,tools.claim-filing,filing citation,"Clear, current guidance on exactly how and where to file your completed C-3 with the WCB.",Orientación clara y actualizada sobre exactamente cómo y dónde presentar su C-3 completado ante la WCB.,,,,tools.claim-filing.clear-current-guidance-on-exactly
89,tools.claim-filing,deadline filing eligibility,"Disclaimer. This tool is provided for informational purposes only and does not constitute legal advice. The Comp Desk is a software platform, not a law firm, and using the Claim Filing Wizard does not create an attorney-client relationship. Filing deadlines and requirements under New York Workers' Compensation Law vary by situation. For guidance on your specific claim, consult a qualified workers' compensation attorney.","Aviso legal. Esta herramienta se ofrece únicamente con fines informativos y no constituye asesoría legal. The Comp Desk es una plataforma de software, no un bufete de abogados, y el uso del Asistente para Presentar un Reclamo no crea una relación abogado-cliente. Los plazos y requisitos de presentación conforme a la Ley de Compensación Laboral de Nueva York varían según la situación. Para orientación sobre su reclamo específico, consulte a un abogado de compensación laboral calificado.",,,,tools.claim-filing.disclaimer-this-tool-is-provided
90,tools.claim-filing,citation,"Important: The Comp Desk is a software platform, not a law firm. This wizard helps you complete and understand the C-3 — it does not give legal advice or file on your behalf.","Importante: The Comp Desk es una plataforma de software, no un bufete de abogados. Este asistente le ayuda a completar y entender el C-3 — no brinda asesoría legal ni presenta el formulario en su nombre.",,,,tools.claim-filing.important-the-comp-desk-is
91,tools.claim-filing,citation,Plain-English questions map to every section of the official WCB Form C-3 — no legalese to decode.,Preguntas en lenguaje sencillo que corresponden a cada sección del Formulario C-3 oficial de la WCB — sin lenguaje legal que descifrar.,,,,tools.claim-filing.plain-english-questions-map-to
92,tools.claim-filing,deadline citation,"The C-3 — Employee Claim is what actually opens your case with the New York Workers' Compensation Board. Until it's filed, the Board has no record of your claim. In most cases you have two years from the date of injury (or from when you knew the injury was work-related) to file — and incomplete or inconsistent answers can slow your claim down or invite a dispute.","El C-3 — Reclamo del Empleado es lo que realmente abre su caso ante la Junta de Compensación Laboral de Nueva York (Workers' Compensation Board). Hasta que se presente, la Junta no tiene registro de su reclamo. En la mayoría de los casos usted tiene dos años desde la fecha de la lesión (o desde que supo que la lesión estaba relacionada con el trabajo) para presentarlo — y las respuestas incompletas o inconsistentes pueden retrasar su reclamo o dar lugar a una disputa.",,,,tools.claim-filing.the-c-3-employee-claim
93,tools.claim-filing,citation,The C-3 wizard is one piece of the puzzle.,El asistente C-3 es solo una pieza del rompecabezas.,,,,tools.claim-filing.the-c-3-wizard-is
94,tools.find-doctor,citation,"All five — Manhattan, Brooklyn, Queens, the Bronx, and Staten Island. Pan and zoom are restricted to this region. Outside NYC? Use the NYS WCB provider search.","Los cinco — Manhattan, Brooklyn, Queens, el Bronx y Staten Island. El desplazamiento y el zoom están restringidos a esta región. ¿Está fuera de NYC? Use la búsqueda de proveedores de la WCB de NYS.",,,,tools.find-doctor.all-five-manhattan-brooklyn-queens
95,tools.find-doctor,obligation eligibility,"Currently, yes. Apart from limited exceptions like emergency care, a provider who treats an injured worker in New York generally must be authorized by the Workers' Compensation Board. Governor Hochul's 2026 ""Universal Authorization"" proposal would remove that requirement for any eligible licensed provider in good standing, but it is not yet law — if enacted, it would take effect January 1, 2028.","Actualmente, sí. Aparte de excepciones limitadas como la atención de emergencia, un proveedor que trata a un trabajador lesionado en Nueva York generalmente debe estar autorizado por la Junta de Compensación Laboral (Workers' Compensation Board). La propuesta de 2026 de la Gobernadora Hochul, ""Autorización Universal"", eliminaría ese requisito para cualquier proveedor con licencia elegible y en regla, pero aún no es ley — de aprobarse, entraría en vigor el 1 de enero de 2028.",,,,tools.find-doctor.currently-yes-apart-from-limited
96,tools.find-doctor,citation,Does my doctor need to be WCB-authorized?,¿Mi médico necesita estar autorizado por la WCB?,,,,tools.find-doctor.does-my-doctor-need-to
97,tools.find-doctor,obligation citation,"Generally yes. For non-emergency treatment, you have the right to select your own treating physician, who currently must be WCB-authorized. If your employer is part of a Preferred Provider Organization (PPO), you may be required to see a PPO provider for the first 30 days. A WC attorney can confirm what applies in your case.","Generalmente sí. Para tratamiento que no sea de emergencia, usted tiene derecho a elegir a su propio médico tratante, quien actualmente debe estar autorizado por la WCB. Si su empleador forma parte de una Organización de Proveedores Preferidos (PPO), es posible que deba ver a un proveedor de la PPO durante los primeros 30 días. Un abogado de compensación laboral puede confirmar qué aplica en su caso.",,,,tools.find-doctor.generally-yes-for-non-emergency
98,tools.find-doctor,eligibility citation,"Gov. Hochul's 2026 State of the State proposal (re-proposed after 2025) would let any eligible licensed provider in good standing treat workers'-compensation patients without separate WCB authorization. It is not yet law if enacted, it would take effect January 1, 2028. Until then, this map highlights providers experienced with WC cases. Read the WCB proposal","La propuesta del Discurso sobre el Estado del Estado 2026 de la Gobernadora Hochul (repropuesta después de 2025) permitiría que cualquier proveedor con licencia elegible y en regla trate a pacientes de compensación laboral sin necesidad de autorización separada de la WCB. Aún no es ley de aprobarse, entraría en vigor el 1 de enero de 2028. Hasta entonces, este mapa destaca a los proveedores con experiencia en casos de compensación laboral. Lea la propuesta de la WCB",,,,tools.find-doctor.gov-hochul-s-2026-state
99,tools.find-doctor,obligation eligibility,"Currently, yes. Apart from limited exceptions such as emergency care, a provider who treats an injured worker in New York generally must be authorized by the Workers' Compensation Board. Governor Hochul's 2026 'Universal Authorization' proposal would remove this requirement and allow any eligible licensed provider in good standing to treat workers' compensation patients, but it is not yet law; if enacted, it would take effect January 1, 2028. This directory focuses on providers experienced with workers' comp cases.","Actualmente, sí. Aparte de excepciones limitadas como la atención de emergencia, un proveedor que trata a un trabajador lesionado en Nueva York generalmente debe estar autorizado por la Junta de Compensación Laboral (Workers' Compensation Board). La propuesta de 2026 de la Gobernadora Hochul, ""Autorización Universal"" (Universal Authorization), eliminaría este requisito y permitiría que cualquier proveedor con licencia elegible y en regla trate a pacientes de compensación laboral, pero aún no es ley; de aprobarse, entraría en vigor el 1 de enero de 2028. Este directorio se enfoca en proveedores con experiencia en casos de compensación laboral.",,,,tools.find-doctor.jsonld.currently-yes-apart-from-limited
100,tools.find-doctor,citation,Does my doctor need to be WCB-authorized to treat my workers' comp injury in New York?,¿Mi médico necesita estar autorizado por la WCB para tratar mi lesión de compensación laboral en Nueva York?,,,,tools.find-doctor.jsonld.does-my-doctor-need-to
101,tools.find-doctor,obligation citation,"Generally yes. For non-emergency treatment, you have the right to select your own treating physician, who currently must be WCB-authorized. For emergencies, you may be seen by whichever provider treats you. If your employer is part of a Preferred Provider Organization (PPO), you may be required to see a PPO provider for the first 30 days. Consult a workers' compensation attorney for case-specific guidance.","Generalmente sí. Para tratamiento que no sea de emergencia, usted tiene derecho a elegir a su propio médico tratante, quien actualmente debe estar autorizado por la WCB. Para emergencias, puede ser atendido por cualquier proveedor disponible. Si su empleador forma parte de una Organización de Proveedores Preferidos (Preferred Provider Organization, PPO), es posible que deba ver a un proveedor de la PPO durante los primeros 30 días. Consulte a un abogado de compensación laboral para orientación específica sobre su caso.",,,,tools.find-doctor.jsonld.generally-yes-for-non-emergency
102,tools.find-doctor,citation,"Listed providers either (a) self-identify as accepting workers'-comp patients and have a history of WC billing under the WCB authorization regime, or (b) have been recommended by attorneys actively practicing WC in New York. We do not accept payment for placement.","Los proveedores listados (a) se identifican a sí mismos como aceptantes de pacientes de compensación laboral y tienen un historial de facturación de WC bajo el régimen de autorización de la WCB, o (b) han sido recomendados por abogados que ejercen activamente en WC en Nueva York. No aceptamos pago por aparecer en la lista.",,,,tools.find-doctor.listed-providers-either-a-self
103,tools.find-doctor,citation,"Tap your injury to pull every WCB-authorized provider for it — the full Workers' Compensation Board list, narrowed to your area. Use ""Use my location"" or pick a borough first to sort by distance.","Toque su lesión para obtener todos los proveedores autorizados por la WCB para esa afección — la lista completa de la Junta de Compensación Laboral (Workers' Compensation Board), limitada a su área. Use ""Usar mi ubicación"" o elija un distrito primero para ordenar por distancia.",,,,tools.find-doctor.tap-your-injury-to-pull
104,tools.ime-reminders,eligibility,"Disclaimer. This tool is provided for informational purposes only and does not constitute legal or medical advice. IME Reminders helps you stay organized and prepared, but cannot guarantee any outcome in your workers' compensation case. The results of your Independent Medical Examination are determined by the examining doctor's findings and the Workers' Compensation Board's evaluation. For guidance on your specific situation, consult a qualified workers' compensation attorney.","Aviso legal. Esta herramienta se ofrece únicamente con fines informativos y no constituye asesoría legal ni médica. IME Reminders le ayuda a mantenerse organizado y preparado, pero no puede garantizar ningún resultado en su caso de compensación laboral. Los resultados de su examen médico independiente son determinados por los hallazgos del médico examinador y la evaluación de la Junta de Compensación Laboral (Workers' Compensation Board). Para orientación sobre su situación específica, consulte a un abogado de compensación laboral calificado.",,,,tools.ime-reminders.disclaimer-this-tool-is-provided
105,tools.ime-reminders,filing,"Missing an IME without a valid medical reason can have serious consequences. Your benefits may be suspended, your case may be delayed, or a judge may decide issues based largely on the IME doctor's findings. Always notify the carrier and your attorney immediately if you cannot attend, and provide documentation if possible.","Faltar a un IME sin una razón médica válida puede tener consecuencias graves. Sus beneficios pueden suspenderse, su caso puede retrasarse, o un juez puede decidir cuestiones basándose en gran medida en los hallazgos del médico del IME. Siempre notifique a la aseguradora y a su abogado de inmediato si no puede asistir, y proporcione documentación si es posible.",,,,tools.ime-reminders.jsonld.missing-an-ime-without-a
106,tools.ime-reminders,filing,"Missing an IME without a valid reason can have serious consequences — your benefits may be suspended, your case may be delayed, or a judge may decide issues based largely on the IME doctor's findings. Always notify the carrier and your attorney immediately if you cannot attend, and provide documentation when possible.","Faltar a un IME sin una razón válida puede tener consecuencias graves — sus beneficios pueden suspenderse, su caso puede retrasarse, o un juez puede decidir cuestiones basándose en gran medida en los hallazgos del médico del IME. Siempre notifique a la aseguradora y a su abogado de inmediato si no puede asistir, y proporcione documentación cuando sea posible.",,,,tools.ime-reminders.missing-an-ime-without-a
107,tools.learning,eligibility,"Disclaimer: This educational content is provided for informational purposes only and does not constitute legal or medical advice. For specific guidance regarding your individual case, please consult with a qualified attorney or medical professional.","Aviso legal: Este contenido educativo se ofrece únicamente con fines informativos y no constituye asesoría legal ni médica. Para orientación específica sobre su caso individual, consulte a un abogado o profesional médico calificado.",,,,tools.learning.disclaimer-this-educational-content-is
108,tools.medical-travel,eligibility citation,"Disclaimer. This tool is provided for informational purposes only and does not constitute legal advice. The Medical Travel tracker helps you organize your expenses and prepare the C-257, but cannot guarantee that any expense will be reimbursed. Reimbursement is determined by the insurance carrier and the Workers' Compensation Board. Keep your original receipts, and for guidance on your specific situation consult a qualified workers' compensation attorney.","Aviso legal. Esta herramienta se ofrece únicamente con fines informativos y no constituye asesoría legal. El rastreador Médico y de Viajes le ayuda a organizar sus gastos y preparar el C-257, pero no puede garantizar que algún gasto será reembolsado. El reembolso lo determina la aseguradora y la Junta de Compensación Laboral (Workers' Compensation Board). Conserve sus recibos originales, y para orientación sobre su situación específica consulte a un abogado de compensación laboral calificado.",,,,tools.medical-travel.disclaimer-this-tool-is-provided
109,tools.medical-travel,citation,"Enter your start and the provider — we measure the driving distance and apply the WCB rate for that date, round trip by default.","Ingrese su punto de partida y el proveedor — nosotros medimos la distancia de manejo y aplicamos la tasa de la WCB de esa fecha, viaje redondo por defecto.",,,,tools.medical-travel.enter-your-start-and-the
110,tools.medical-travel,eligibility,"Every trip to your doctor, the pharmacy, physical therapy, or an Independent Medical Examination has a cost — and in a New York workers' compensation case, you're entitled to be paid back for it. That includes subway and bus fares, taxis and rideshares, mileage in your own car, tolls, parking, prescriptions, and medical supplies.","Cada viaje a su médico, la farmacia, terapia física o un examen médico independiente tiene un costo — y en un caso de compensación laboral de Nueva York, usted tiene derecho a que se lo reembolsen. Esto incluye tarifas de metro y autobús, taxis y viajes compartidos, millaje en su propio auto, peajes, estacionamiento, medicamentos recetados y suministros médicos.",,,,tools.medical-travel.every-trip-to-your-doctor
111,tools.medical-travel,citation,How do I send my C-257 to the Board?,¿Cómo envío mi C-257 a la Junta?,,,,tools.medical-travel.how-do-i-send-my
112,tools.medical-travel,citation,"If it was necessary to get to or pay for your authorized treatment, it likely belongs on your C-257.","Si fue necesario para llegar a su tratamiento autorizado o pagarlo, probablemente pertenece a su C-257.",,,,tools.medical-travel.if-it-was-necessary-to
113,tools.medical-travel,citation,"Important: The Comp Desk is a software platform, not a law firm. The Medical Travel tracker helps you organize your expenses and prepare your C-257 — it does not give legal advice or guarantee reimbursement in your case.","Importante: The Comp Desk es una plataforma de software, no un bufete de abogados. El rastreador Médico y de Viajes le ayuda a organizar sus gastos y preparar su C-257 — no brinda asesoría legal ni garantiza el reembolso en su caso.",,,,tools.medical-travel.important-the-comp-desk-is
114,tools.medical-travel,citation,How do I send my C-257 to the Workers' Compensation Board?,¿Cómo envío mi C-257 a la Junta de Compensación Laboral (Workers' Compensation Board)?,,,,tools.medical-travel.jsonld.how-do-i-send-my
115,tools.medical-travel,citation,Medical & Travel Reimbursement (C-257) — The Comp Desk,Reembolso Médico y de Viajes (C-257) — The Comp Desk,,,,tools.medical-travel.jsonld.medical-travel-reimbursement-c-257
116,tools.medical-travel,citation,"Medical & Travel tracking is part of Comp Buddy, the injured-worker companion in The Comp Desk. Comp Buddy is $9.99 per month and includes the reimbursement tracker, the C-257 generator, accident and notice evidence, and more.","El seguimiento Médico y de Viajes forma parte de Comp Buddy, el compañero para trabajadores lesionados de The Comp Desk. Comp Buddy cuesta $9.99 al mes e incluye el rastreador de reembolsos, el generador de C-257, evidencia de accidente y aviso, y más.",,,,tools.medical-travel.jsonld.medical-travel-tracking-is-part
117,tools.medical-travel,citation,"The C-257, Claimant's Record of Medical and Travel Expenses and Request for Reimbursement, is the official New York Workers' Compensation Board form you use to itemize your medical and travel expenses and request payment. The Comp Desk fills it in from the trips and receipts you log.","El C-257, Registro del Reclamante de Gastos Médicos y de Viaje y Solicitud de Reembolso, es el formulario oficial de la Junta de Compensación Laboral de Nueva York (Workers' Compensation Board) que se usa para detallar sus gastos médicos y de viaje y solicitar el pago. The Comp Desk lo completa a partir de los viajes y recibos que usted registra.",,,,tools.medical-travel.jsonld.the-c-257-claimant-s
118,tools.medical-travel,filing citation,The Comp Desk generates your completed C-257 and opens your device's email to the Board's filing address with the form and your receipts attached for you to review and send. You also serve a copy on the insurance carrier. The app never sends anything on its own — you always review and tap send.,"The Comp Desk genera su C-257 completado y abre el correo electrónico de su dispositivo a la dirección de presentación de la Junta, con el formulario y sus recibos adjuntos para que usted revise y envíe. También debe entregar una copia a la aseguradora. La app nunca envía nada por sí sola — usted siempre revisa y toca enviar.",,,,tools.medical-travel.jsonld.the-comp-desk-generates-your
119,tools.medical-travel,citation,"Track subway and bus fares, rideshares, car mileage at the WCB rate, prescriptions, and medical supplies incurred traveling to and from treatment, then generate the C-257 Claimant's Record of Medical and Travel Expenses for the New York Workers' Compensation Board.","Registre las tarifas de metro y autobús, viajes compartidos, millaje del auto a la tasa de la WCB, medicamentos recetados y suministros médicos incurridos al trasladarse hacia y desde el tratamiento, y luego genere el C-257, Registro del Reclamante de Gastos Médicos y de Viaje, para la Junta de Compensación Laboral de Nueva York (Workers' Compensation Board).",,,,tools.medical-travel.jsonld.track-subway-and-bus-fares
120,tools.medical-travel,citation,"Yes — keep your original receipts for prescriptions, supplies, taxis, and rideshares. The Comp Desk lets you snap a photo or attach a PDF of each receipt so it is filed by date and ready to send with your C-257. Mileage in your own car does not need a receipt; it is calculated from the distance and the WCB rate.","Sí — conserve sus recibos originales de medicamentos, suministros, taxis y viajes compartidos. The Comp Desk le permite tomar una foto o adjuntar un PDF de cada recibo para que quede archivado por fecha y listo para enviar con su C-257. El millaje en su propio auto no necesita recibo; se calcula a partir de la distancia y la tasa de la WCB.",,,,tools.medical-travel.jsonld.yes-keep-your-original-receipts
121,tools.medical-travel,citation,"Keep your original receipts for prescriptions, supplies, taxis, and rideshares. In the app you snap a photo or attach a PDF of each one so it's filed by date and sent with your C-257. Mileage in your own car doesn't need a receipt — it's calculated from the distance and the WCB rate.","Conserve sus recibos originales de medicamentos, suministros, taxis y viajes compartidos. En la app usted toma una foto o adjunta un PDF de cada uno para que quede archivado por fecha y se envíe con su C-257. El millaje en su propio auto no necesita recibo — se calcula a partir de la distancia y la tasa de la WCB.",,,,tools.medical-travel.keep-your-original-receipts-for
122,tools.medical-travel,citation,Mileage in your own carReimbursed at the WCB rate in force on the date you drove — 72.5¢/mi in 2026.,Millaje en su propio autoReembolsado a la tasa de la WCB vigente en la fecha en que manejó — 72.5¢/mi en 2026.,,,,tools.medical-travel.mileage-in-your-own-car
123,tools.medical-travel,citation,"Most injured workers never claim it, because the receipts pile up and the C-257 form feels like one more thing to figure out. The Medical Travel tracker keeps every expense together as you go and turns it into a filed-ready form, so the reimbursement you've earned doesn't slip away.","La mayoría de los trabajadores lesionados nunca lo reclama, porque los recibos se acumulan y el formulario C-257 se siente como una cosa más que resolver. El rastreador Médico y de Viajes mantiene cada gasto organizado a medida que avanza y lo convierte en un formulario listo para presentar, para que el reembolso que se ganó no se le escape.",,,,tools.medical-travel.most-injured-workers-never-claim
124,tools.medical-travel,citation,Open your email to the WCB with the C-257 and your receipts attached. You always review and tap send — nothing goes out on its own.,Abra su correo electrónico a la WCB con el C-257 y sus recibos adjuntos. Usted siempre revisa y toca enviar — nada se envía por sí solo.,,,,tools.medical-travel.open-your-email-to-the
125,tools.medical-travel,citation,"The C-257, Claimant's Record of Medical and Travel Expenses and Request for Reimbursement, is the official Workers' Compensation Board form you use to itemize your medical and travel expenses and request payment. The Comp Desk fills it in from the trips and receipts you log and produces a ready-to-file copy.","El C-257, Registro del Reclamante de Gastos Médicos y de Viaje y Solicitud de Reembolso, es el formulario oficial de la Junta de Compensación Laboral (Workers' Compensation Board) que se usa para detallar sus gastos médicos y de viaje y solicitar el pago. The Comp Desk lo completa a partir de los viajes y recibos que usted registra y produce una copia lista para presentar.",,,,tools.medical-travel.the-c-257-claimant-s
126,tools.medical-travel,filing citation,"The Comp Desk generates your completed C-257 and opens your device's email to the Board's filing address with the form and your receipts attached, for you to review and send. You also serve a copy on the insurance carrier. The app never sends anything on its own — you always review and tap send.","The Comp Desk genera su C-257 completado y abre el correo electrónico de su dispositivo a la dirección de presentación de la Junta, con el formulario y sus recibos adjuntos, para que usted revise y envíe. También debe entregar una copia a la aseguradora. La app nunca envía nada por sí sola — usted siempre revisa y toca enviar.",,,,tools.medical-travel.the-comp-desk-generates-your
127,tools.medical-travel,citation,"Workers' comp reimburses your fares, mileage, and prescriptions going to and from care — most injured workers never claim it. Log a trip, snap a receipt, and Comp Buddy builds your C-257 to file with the Board.","La compensación laboral reembolsa sus tarifas, millaje y medicamentos recetados de ida y vuelta a la atención médica — la mayoría de los trabajadores lesionados nunca lo reclama. Registre un viaje, tome una foto de un recibo, y Comp Buddy arma su C-257 para presentar ante la Junta.",,,,tools.medical-travel.workers-comp-reimburses-your-fares
128,tools.mileage,citation,Automatically track your travel to medical appointments and generate C-257 reimbursement forms. Calculate mileage expenses and maintain a travel log for your workers' compensation case.,Registre automáticamente sus traslados a citas médicas y genere formularios de reembolso C-257. Calcule los gastos de millaje y mantenga un registro de viajes para su caso de compensación laboral.,,,,tools.mileage.automatically-track-your-travel-to
129,tools.mileage,citation,Generate C-257 reimbursement forms automatically when you need them.,Genere formularios de reembolso C-257 automáticamente cuando los necesite.,,,,tools.mileage.generate-c-257-reimbursement-forms
130,tools.utdm,deadline,"Deadlines tracked, alerts sent, compliance watched — so nothing slips by.","Plazos rastreados, alertas enviadas, cumplimiento vigilado — para que nada se le escape.",,,,tools.utdm.deadlines-tracked-alerts-sent-compliance
131,tools.utdm,deadline,Get alerts before reports are due — well ahead of any deadline.,Reciba alertas antes de que venzan los informes — con buena anticipación a cualquier plazo.,,,,tools.utdm.get-alerts-before-reports-are
132,tools.utdm,deadline,Free deadline-monitoring tool for upcoming Trial De Novo Motions on New York workers' compensation cases.,Herramienta gratuita de monitoreo de plazos para Mociones de Nuevo Juicio en casos de compensación laboral de Nueva York.,,,,tools.utdm.jsonld.free-deadline-monitoring-tool-for
133,tools.utdm,deadline,Stay ahead of your treatment deadlines.,Adelántese a los plazos de su tratamiento.,,,,tools.utdm.stay-ahead-of-your-treatment
134,tools.utdm,deadline,Track treatment report deadlines so you always know what's due next.,Rastree los plazos de los informes de tratamiento para saber siempre qué vence a continuación.,,,,tools.utdm.track-treatment-report-deadlines-so
135,tools.work-search,obligation,AI-powered job matching that respects your medical restrictions. Automatically generate work search logs required by the Workers' Compensation Board and find suitable employment opportunities.,Emparejamiento de empleo con IA que respeta sus restricciones médicas. Genere automáticamente los registros de búsqueda de empleo requeridos por la Junta de Compensación Laboral (Workers' Compensation Board) y encuentre oportunidades de empleo adecuadas.,,,,tools.work-search.ai-powered-job-matching-that
136,tools.work-search,citation,Free AI-assisted work search log for New York workers' compensation claimants. Tracks the WCB-required job-search activities needed to maintain ongoing benefits.,Registro gratuito de búsqueda de empleo asistido por IA para reclamantes de compensación laboral de Nueva York. Rastrea las actividades de búsqueda de empleo requeridas por la WCB para mantener los beneficios continuos.,,,,tools.work-search.jsonld.free-ai-assisted-work-search
137,tools.work-search,citation,Stay compliant with WCB requirements to help protect your benefits.,Cumpla con los requisitos de la WCB para ayudar a proteger sus beneficios.,,,,tools.work-search.stay-compliant-with-wcb-requirements
138,worker,citation,Average Weekly WageWCL §14,Salario Semanal PromedioWCL §14,,,,worker.average-weekly-wage-wcl-14
139,worker,filing citation,File your Form C-3 — the form that opens your WCB case — guided field by field.,Presente su Formulario C-3 — el formulario que abre su caso ante la WCB — guiado campo por campo.,,,,worker.file-your-form-c-3
140,worker,citation,Form C-3 · ClaimStep 3 / 4,Formulario C-3 · ReclamoPaso 3 / 4,,,,worker.form-c-3-claim-step
141,worker,deadline filing citation,"Report the injury, file the C-3, open your WCB case within the deadlines.","Reporte la lesión, presente el C-3 y abra su caso ante la WCB dentro de los plazos.",,,,worker.report-the-injury-file-the
142,worker,citation,"Search the NYS WCB's authorized-provider directory by location, specialty, and body part — so your treatment actually counts toward your claim.","Busque en el directorio de proveedores autorizados de la WCB de NYS por ubicación, especialidad y parte del cuerpo — para que su tratamiento realmente cuente para su reclamo.",,,,worker.search-the-nys-wcb-s
143,worker,citation,Search the WCB-authorized provider directory so your treatment counts toward your claim.,Busque en el directorio de proveedores autorizados por la WCB para que su tratamiento cuente para su reclamo.,,,,worker.search-the-wcb-authorized-provider
144,worker,citation,"Section 32 settlements, closing your case, and what to negotiate.","Convenios Section 32, el cierre de su caso y qué negociar.",,,,worker.section-32-settlements-closing-your
145,worker,citation,"SLU is a permanent award for extremity injuries (arms, legs, hands, feet, eyes, ears, fingers, toes) under WCL §15(3). The award equals your weekly rate × the statutory weeks for that body part × the percentage of loss assigned to your injury. More on SLU here.","El SLU es una compensación permanente por lesiones en extremidades (brazos, piernas, manos, pies, ojos, oídos, dedos de las manos, dedos de los pies) conforme a WCL §15(3). La compensación equivale a su tasa semanal × las semanas legales para esa parte del cuerpo × el porcentaje de pérdida asignado a su lesión. Más información sobre el SLU aquí.",,,,worker.slu-is-a-permanent-award
146,worker,deadline citation,"The C-3 is what opens your WCB case — and the deadlines are strict. Comp Buddy walks you through it field by field in plain English, so nothing gets missed.","El C-3 es lo que abre su caso ante la WCB — y los plazos son estrictos. Comp Buddy lo guía campo por campo en lenguaje sencillo, para que no se le escape nada.",,,,worker.the-c-3-is-what
147,worker,citation,"Workers' comp reimburses your fares, mileage, and prescriptions going to and from treatment — most workers never claim it. Scan a receipt, log a trip, and Comp Buddy builds your C-257.","La compensación laboral reembolsa sus pasajes, millaje y medicamentos recetados de ida y vuelta al tratamiento — la mayoría de los trabajadores nunca lo reclama. Escanee un recibo, registre un viaje, y Comp Buddy arma su C-257.",,,,worker.workers-comp-reimburses-your-fares
148,worker,citation,"Your AWW under WCL §14, your comp rate, weekly benefit payments.","Su AWW conforme a WCL §14, su tasa de compensación, pagos semanales de beneficios.",,,,worker.your-aww-under-wcl-14
149,worker,citation,"Your weekly check is two-thirds of your Average Weekly Wage. Our free calculator runs all four statutory methods under WCL §14 — and shows the number, cited.","Su cheque semanal equivale a dos tercios de su Salario Semanal Promedio. Nuestra calculadora gratuita aplica los cuatro métodos legales bajo WCL §14 — y muestra la cifra, citada.",,,,worker.your-weekly-check-is-two
150,worker,citation,"Your weekly indemnity rate is two-thirds of your Average Weekly Wage (AWW), capped at the statutory maximum for your date of injury. AWW is calculated under WCL §14 using your earnings in the year before the injury — multiple statutory methods may apply depending on your work pattern. Our free AWW calculator shows you the number.","Su tasa semanal de indemnización equivale a dos tercios de su salario semanal promedio (Average Weekly Wage, AWW), con un tope en el máximo legal correspondiente a su fecha de lesión. El AWW se calcula conforme a WCL §14 usando sus ingresos del año anterior a la lesión — pueden aplicar varios métodos legales según su patrón de trabajo. Nuestra calculadora gratuita de AWW le muestra la cifra.",,,,worker.your-weekly-indemnity-rate-is
