#,page,category,english_source,translation_zh-Hans,APPROVED (y/n),CORRECTION (write the corrected text here),reviewer_notes,key
1,calculators.2012-impairment-guidelines-point-system,citation,2012 Impairment Guidelines point system (§S11.4–S11.7) for cervical and lumbar nerve root SLU. The IME-friendly chart with citations on every result.,针对颈椎和腰椎神经根 SLU 的 2012 年损伤指南评分系统（§S11.4–S11.7）。适合 IME 使用的图表，每项结果均附带引用依据。,,,,calculators.2012-impairment-guidelines-point-system
2,calculators.aww,citation,"§14(1) — 52-Week Divisor: For workers employed substantially the whole year, total gross earnings in the 52 weeks preceding the accident are divided by 52. This is the default method for full-time, full-year workers.",§14(1) — 52 周除数法：对于全年基本连续受雇的工人，将事故发生前 52 周内的总收入除以 52。这是全职、全年工作工人的默认计算方法。,,,,calculators.aww.14-1-52-week-divisor
3,calculators.aww,citation,"§14(2) — Day-Based Multiplier: When the claimant did NOT work substantially the whole year, average annual earnings are computed by multiplying the average daily wage by a statutory multiplier based on the claimant's regular work schedule:",§14(2) — 按天数计算的倍数法：当索赔人并非全年基本连续工作时，平均年收入的计算方式为：将日平均工资乘以根据索赔人常规工作安排确定的法定倍数：,,,,calculators.aww.14-2-day-based-multiplier
4,calculators.aww,citation,"§14 Multiplier (5-day worker): Average daily wage × 260 = average annual earnings, then ÷ 52 = AWW. Daily Wage = Total Earnings ÷ Days Worked. Then: Daily Wage × 260 ÷ 52 = AWW.",§14 倍数法（五天制工人）：日平均工资 × 260 = 平均年收入，再 ÷ 52 = AWW。 日工资 = 总收入 ÷ 工作天数。然后：日工资 × 260 ÷ 52 = AWW。,,,,calculators.aww.14-multiplier-5-day-worker
5,calculators.aww,citation,§14 SUBD. 1,§14 第1款,,,,calculators.aww.14-subd-1
6,calculators.aww,citation,§14 SUBD. 2,§14 第2款,,,,calculators.aww.14-subd-2
7,calculators.aww,citation,"§14 Subdivision 1: When the claimant worked substantially the whole year, AWW = Total Earnings ÷ 52. This is the simplest method and applies to full-year, consistent employment.",§14 第1款：当索赔人全年基本连续工作时，AWW = 总收入 ÷ 52。这是最简单的方法，适用于全年、稳定的雇佣关系。,,,,calculators.aww.14-subdivision-1-when-the
8,calculators.aww,citation,"Average Weekly Wage (AWW) is the foundation of all New York workers' compensation benefits. Under Workers' Compensation Law §14, AWW determines the compensation rate — two-thirds (2/3) of AWW, capped at the statutory maximum set annually by DFS.",平均周工资（AWW）是纽约州所有工伤赔偿福利的基础。依据《工伤赔偿法》§14，AWW 决定了赔偿费率 — 即 AWW 的三分之二（2/3），并以 DFS 每年设定的法定最高额为上限。,,,,calculators.aww.average-weekly-wage-aww-is
9,calculators.aww,citation,Calculate Average Weekly Wage under Workers' Compensation Law §14. Choose the applicable statutory method based on the claimant's work history.,根据《工伤赔偿法》§14 计算平均周工资。请根据索赔人的工作历史选择适用的法定方法。,,,,calculators.aww.calculate-average-weekly-wage-under
10,calculators.aww,citation,"Concurrent Employment: Under §14, wages from all concurrent employment at the time of injury are combined. If the claimant held two jobs, both sets of wages are included — even if only one employer's work caused the injury.",双重雇佣：依据 §14，受伤时所有同时受雇工作的工资将合并计算。如果索赔人当时有两份工作，两份工资都将计入 — 即使伤害只是由其中一个雇主的工作造成的。,,,,calculators.aww.concurrent-employment-under-14-wages
11,calculators.aww,eligibility citation,Disclaimer: This calculator is provided for informational purposes only and does not constitute legal advice. AWW calculations are based on current New York State Workers' Compensation Law §14 and Department of Financial Services regulations. The accuracy of results depends on the wages entered. Disputes over AWW may require detailed wage documentation and adjudication by the Workers' Compensation Board. Consult a qualified workers' compensation attorney for guidance on your specific case.,免责声明：本计算器仅供参考，不构成法律建议。AWW 的计算依据现行的《纽约州工伤赔偿法》§14 及金融服务部的相关规定。结果的准确性取决于所输入的工资数据。关于 AWW 的争议可能需要详细的工资证明文件，并由工伤赔偿委员会（Workers' Compensation Board）进行裁定。如需针对您具体案件的指导，请咨询合格的工伤赔偿律师。,,,,calculators.aww.disclaimer-this-calculator-is-provided
12,calculators.aww,citation,Earnings Work History (§14 Multiplier),收入与工作历史（§14 倍数法）,,,,calculators.aww.earnings-work-history-14-multiplier
13,calculators.aww,citation,"Free NYS Average Weekly Wage (AWW) calculator under WCL §14. Statutory methods: 52-week divisor, 200/260/300 multiplier, straight divisor.",纽约州平均周工资（AWW）免费计算器，依据 WCL §14。法定方法包括：52 周除数法、200/260/300 倍数法、直接除数法。,,,,calculators.aww.jsonld.free-nys-average-weekly-wage
14,calculators.aww,citation,Which WCL §14 method applies to me?,哪种 WCL §14 计算方法适用于我？,,,,calculators.aww.jsonld.which-wcl-14-method-applies
15,calculators.aww,citation,Yes — AWW is based on gross earnings including overtime. Wages from concurrent employment (a second job) may also be added under WCL §14(6) when the injury disables you from both jobs.,是的 — AWW 是根据包含加班费在内的总收入计算的。如果受伤导致您无法从事两份工作，依据 WCL §14(6)，双重雇佣（第二份工作）的工资也可以计入。,,,,calculators.aww.jsonld.yes-aww-is-based-on
16,calculators.aww,citation,"Your AWW is your gross earnings for the 52 weeks before the injury converted to a weekly figure under WCL §14. Nearly every benefit in your case — weekly checks, SLU awards, LWEC classifications — is computed from two-thirds of it.",您的 AWW 是根据 WCL §14，将受伤前 52 周内的总收入折算成的每周数字。您案件中几乎所有的福利 — 每周支票、SLU 赔偿金、LWEC 分类 — 都是以其三分之二为基础计算的。,,,,calculators.aww.jsonld.your-aww-is-your-gross
17,calculators.aww,citation,"Straight Divisor: AWW = Total Earnings ÷ Weeks Worked. Used by the Board when the §14 multiplier methods don't yield a fair result, or for irregular/seasonal workers, new hires, and part-year employment.",直接除数法：AWW = 总收入 ÷ 工作周数。当 §14 倍数法无法得出公平结果时，或适用于工作不规律/季节性工人、新员工和非全年雇佣情况时，由委员会采用此方法。,,,,calculators.aww.straight-divisor-aww-total-earnings
18,calculators.aww,citation,WCL §14 — How AWW Is Calculated,WCL §14 — AWW 如何计算,,,,calculators.aww.wcl-14-how-aww-is
19,calculators.aww,citation,"Your AWW is your gross earnings for the 52 weeks before the injury converted to a weekly figure under WCL §14. Nearly every benefit in your case — weekly checks capped at the statutory maximum rate, Schedule Loss of Use (SLU) awards, and LWEC classifications — is computed from two-thirds of it.",您的 AWW 是根据 WCL §14，将受伤前 52 周内的总收入折算成的每周数字。您案件中几乎所有的福利 — 以法定最高费率为上限的每周支票、肢体功能丧失赔偿（SLU）和LWEC 分类 — 都是以其三分之二为基础计算的。,,,,calculators.aww.your-aww-is-your-gross
20,calculators.benefit-rate,citation,Press the Look Up Rates button. The tool instantly returns the applicable statutory weekly maximum and minimum benefit rates under WCL §25(3).,"点击""查询费率""按钮。本工具将立即返回依据 WCL §25(3) 适用的法定每周最高和最低赔偿费率。",,,,calculators.benefit-rate.jsonld.press-the-look-up-rates
21,calculators.benefit-rate,eligibility,Talk to a NY workers' comp attorney. Many offer free consultations and work on contingency — you pay nothing unless you win.,与纽约州工伤赔偿律师谈谈。许多律师提供免费咨询，并按胜诉收费 — 除非您胜诉，否则无需支付任何费用。,,,,calculators.benefit-rate.talk-to-a-ny-workers
22,calculators.calculate-your-aww-under-wcl,citation,"Calculate your AWW under WCL §14 and the 2/3 comp rate. Multi-employer, concurrent, and seasonal scenarios. Outputs the indemnity rate with citation.",依据 WCL §14 计算您的 AWW 和 2/3 赔偿费率。支持多雇主、双重雇佣和季节性工作场景。输出带引用依据的赔偿费率。,,,,calculators.calculate-your-aww-under-wcl
23,calculators.ccp-award,citation,Attorney Fee (WCL §24): The fee on the award equals 15% of the moving (new money) amount. The fee on the CCP is 1/3 of the CCP dollar amount. Both are paid from claimant's award.,律师费（WCL §24）：赔偿金律师费等于新增金额（新增款项）的 15%。CCP 律师费为 CCP 金额的 1/3。两者均从索赔人的赔偿金中支付。,,,,calculators.ccp-award.attorney-fee-wcl-24-the
24,calculators.ccp-award,eligibility,"Disclaimer: This calculator is provided for informational purposes only and does not constitute legal advice. Award calculations are based on current New York State workers' compensation law and Department of Financial Services regulations. Actual awards are determined by the Workers' Compensation Board based on the specific record, medical evidence, and hearing outcomes. Consult a qualified workers' compensation attorney for guidance on your specific case.",免责声明：本计算器仅供参考，不构成法律建议。赔偿金的计算依据现行的纽约州工伤赔偿法及金融服务部的相关规定。实际赔偿金由工伤赔偿委员会（Workers' Compensation Board）根据具体记录、医疗证据和听证结果确定。如需针对您具体案件的指导，请咨询合格的工伤赔偿律师。,,,,calculators.ccp-award.disclaimer-this-calculator-is-provided
25,calculators.ccp-award,citation,Generate a WCB fee application pre-filled with these award figures.,生成预填这些赔偿金数据的 WCB 费用申请。,,,,calculators.ccp-award.generate-a-wcb-fee-application
26,calculators.ccp-award,citation,Generate WCB fee application (Pro feature),生成 WCB 费用申请（Pro 功能）,,,,calculators.ccp-award.generate-wcb-fee-application-pro.label
27,calculators.ccp-award,citation,"Attorney fees on accrued awards are commonly 15% of the accrued amount, subject to Workers' Compensation Board approval under WCL §24. The calculator shows the fee and the net to claimant.",累积赔偿金的律师费通常为累积金额的 15%，须经工伤赔偿委员会（Workers' Compensation Board）依据 WCL §24 批准。本计算器会显示律师费和索赔人的净得金额。,,,,calculators.ccp-award.jsonld.attorney-fees-on-accrued-awards
28,calculators.lwec,citation,"Attorneys are typically awarded 15 weeks multiplied by the weekly classification rate, deducted from the award and subject to Workers' Compensation Board approval under WCL §24. This calculator shows the full fee and net-to-claimant breakdown.",律师通常获得 15 周乘以每周分类费率的金额，该金额从赔偿金中扣除，并须经工伤赔偿委员会（Workers' Compensation Board）依据 WCL §24 批准。本计算器会显示完整的律师费和索赔人净得明细。,,,,calculators.lwec.attorneys-are-typically-awarded-15
29,calculators.lwec,eligibility,"Disclaimer: This calculator is provided for informational purposes only and does not constitute legal advice. LWEC calculations are based on current New York State workers' compensation law and Department of Financial Services regulations. The classification percentage is determined by the Workers' Compensation Board and may vary based on medical evidence, vocational evaluation, and hearing outcomes. Consult a qualified workers' compensation attorney for guidance on your specific case.",免责声明：本计算器仅供参考，不构成法律建议。LWEC 的计算依据现行的纽约州工伤赔偿法及金融服务部的相关规定。分类百分比由工伤赔偿委员会（Workers' Compensation Board）确定，可能因医疗证据、职业评估和听证结果而有所不同。如需针对您具体案件的指导，请咨询合格的工伤赔偿律师。,,,,calculators.lwec.disclaimer-this-calculator-is-provided
30,calculators.lwec,citation,How LWEC Is Calculated (WCL §15(3)(w)),LWEC 如何计算（WCL §15(3)(w)）,,,,calculators.lwec.how-lwec-is-calculated-wcl
31,calculators.lwec,citation,"Attorneys are typically awarded 15 weeks multiplied by the weekly classification rate, deducted from the award and subject to Workers' Compensation Board approval under WCL §24.",律师通常获得 15 周乘以每周分类费率的金额，该金额从赔偿金中扣除，并须经工伤赔偿委员会（Workers' Compensation Board）依据 WCL §24 批准。,,,,calculators.lwec.jsonld.attorneys-are-typically-awarded-15
32,calculators.lwec,citation,"No. A Schedule Loss of Use (SLU) award pays a fixed number of weeks for permanent loss of use of an extremity under WCL §15(3). LWEC compensates non-schedule permanent injuries — spine, head, and systemic conditions — with weekly benefits over a capped duration.",不是。肢体功能丧失赔偿（Schedule Loss of Use，SLU）依据 WCL §15(3)，针对肢体的永久性功能丧失支付固定周数的赔偿金。LWEC 则针对非表定永久性伤害 — 脊椎、头部和全身性疾病 — 在有上限的时长内支付每周赔偿金。,,,,calculators.lwec.jsonld.no-a-schedule-loss-of
33,calculators.lwec,citation,WCL §15(3)(w) caps benefit weeks by LWEC percentage — from 225 weeks at 15% or less up to 525 weeks at over 95%. Workers found permanently totally disabled receive lifetime benefits.,WCL §15(3)(w) 根据 LWEC 百分比设定赔偿周数上限 — 从 15% 或以下的 225 周，到超过 95% 的 525 周。被认定为永久完全丧失劳动能力的工人可获得终身赔偿。,,,,calculators.lwec.jsonld.wcl-15-3-w-caps
34,calculators.lwec,citation,"New York permanency awards come in two forms. A Schedule Loss of Use (SLU) award pays a fixed number of weeks for permanent loss of use of an extremity — arm, hand, leg, foot, fingers, vision, or hearing — under WCL §15(3), even if you're back at work at full pay. LWEC covers non-schedule permanent injuries (spine, head, systemic conditions) with weekly benefits paid over a capped duration. A case generally resolves under one framework or the other for a given injury.",纽约州的永久伤残赔偿分为两种形式。肢体功能丧失赔偿（Schedule Loss of Use，SLU）依据 WCL §15(3)，针对肢体（手臂、手、腿、脚、手指、视力或听力）的永久性功能丧失支付固定周数的赔偿金，即使您已全薪返回工作。LWEC 则针对非表定永久性伤害（脊椎、头部、全身性疾病），在有上限的时长内支付每周赔偿金。对于同一项伤害，案件通常只会按其中一种框架处理。,,,,calculators.lwec.new-york-permanency-awards-come
35,calculators.lwec,citation,"No. A Schedule Loss of Use (SLU) award pays a fixed number of weeks for permanent loss of use of an extremity under WCL §15(3). LWEC compensates non-schedule permanent injuries — spine, head, and systemic conditions — with weekly benefits over a capped duration.",不是。肢体功能丧失赔偿（SLU）依据 WCL §15(3)，针对肢体的永久性功能丧失支付固定周数的赔偿金。LWEC 则针对非表定永久性伤害 — 脊椎、头部和全身性疾病 — 在有上限的时长内支付每周赔偿金。,,,,calculators.lwec.no-a-schedule-loss-of
36,calculators.lwec,citation,The duration is capped by WCL §15(3)(w): the LWEC percentage falls into a bracket that sets the maximum weeks of benefits — from 225 weeks at 15% or less up to 525 weeks above 95%. Workers classified with a permanent total disability receive lifetime benefits.,赔偿时长由 WCL §15(3)(w) 设定上限：LWEC 百分比对应一个档位，该档位确定赔偿金的最高周数 — 从 15% 或以下的 225 周，到超过 95% 的 525 周。被评定为永久完全丧失劳动能力的工人可获得终身赔偿。,,,,calculators.lwec.the-duration-is-capped-by
37,calculators.radiculopathy,obligation eligibility,Disclaimer: This calculator is provided for informational purposes only and does not constitute legal advice. It implements the point system from the 2012 NYS Impairment Guidelines (Tables S11.4–S11.7). The severity ranking output must be used with Tables 11.1 or 11.2 to determine the final Medical Impairment Class. Actual findings are determined by the Workers' Compensation Board based on all medical evidence. Consult a qualified workers' compensation attorney for guidance on your specific case.,免责声明：本计算器仅供参考，不构成法律建议。它实现了 2012 年纽约州损伤指南（表 S11.4–S11.7）中的评分系统。严重程度评级结果必须配合表 11.1 或 11.2 使用，以确定最终的医疗损伤等级。实际认定由工伤赔偿委员会（Workers' Compensation Board）根据全部医疗证据作出。如需针对您具体案件的指导，请咨询合格的工伤赔偿律师。,,,,calculators.radiculopathy.disclaimer-this-calculator-is-provided
38,calculators.rates,eligibility,"Disclaimer: This rate lookup is provided for informational purposes only and does not constitute legal advice. Rates shown are based on New York Department of Financial Services announcements and are accurate as of the dates shown. For the most current rate information, consult the official DFS website or a qualified workers' compensation attorney.",免责声明：本费率查询仅供参考，不构成法律建议。所示费率基于纽约州金融服务部的公告，并在所示日期为准确数据。如需最新费率信息，请查阅 DFS 官方网站或咨询合格的工伤赔偿律师。,,,,calculators.rates.disclaimer-this-rate-lookup-is
39,calculators.rates,citation,"For injuries on or after July 1, 2026, the maximum weekly compensation rate is $1,281.50, per WCB Subject No. 046-1805. For dates of injury between July 1, 2025 and June 30, 2026, the maximum is $1,222.42.","对于 2026 年 7 月 1 日及以后发生的受伤，每周最高赔偿费率为 $1,281.50，依据 WCB Subject No. 046-1805。对于 2025 年 7 月 1 日至 2026 年 6 月 30 日之间的受伤日期，最高额为 $1,222.42。",,,,calculators.rates.for-injuries-on-or-after
40,calculators.rates,citation,"For injuries on or after July 1, 2026, the maximum weekly compensation rate in New York is $1,281.50, per WCB Subject No. 046-1805. For dates of injury between July 1, 2025 and June 30, 2026, the maximum is $1,222.42.","对于 2026 年 7 月 1 日及以后发生的受伤，纽约州每周最高赔偿费率为 $1,281.50，依据 WCB Subject No. 046-1805。对于 2025 年 7 月 1 日至 2026 年 6 月 30 日之间的受伤日期，最高额为 $1,222.42。",,,,calculators.rates.jsonld.for-injuries-on-or-after
41,calculators.rates,eligibility,"Rates are updated annually by the New York Department of Financial Services. The rate effective on the date of injury applies throughout the case, unless modified by subsequent legislation.",费率由纽约州金融服务部每年更新。受伤日期生效的费率适用于案件全程，除非后续立法对其进行修改。,,,,calculators.rates.rates-are-updated-annually-by
42,calculators.rates,citation,"The maximum weekly workers' compensation rate in New York State is $1,281.50 for injuries occurring on or after July 1, 2026, per WCB Subject No. 046-1805. For dates of injury between July 1, 2025 and June 30, 2026, the maximum is $1,222.42.","纽约州每周最高工伤赔偿费率为 $1,281.50，适用于 2026 年 7 月 1 日及以后发生的受伤，依据 WCB Subject No. 046-1805。对于 2025 年 7 月 1 日至 2026 年 6 月 30 日之间的受伤日期，最高额为 $1,222.42。",,,,calculators.rates.the-maximum-weekly-workers-compensation
43,calculators.rates,citation,"Under WCL §15(6), the maximum weekly benefit equals two-thirds of the New York State Average Weekly Wage (NYSAWW). The NYSAWW — defined in WCL §2(16) — is the average weekly wage of all workers covered by New York unemployment insurance for the previous calendar year, calculated by the NYS Department of Labor and reported to the Superintendent of Financial Services by March 31 each year.",依据 WCL §15(6)，每周最高赔偿金等于纽约州平均周工资（New York State Average Weekly Wage，NYSAWW）的三分之二。NYSAWW — 定义于 WCL §2(16) — 是前一日历年度所有受纽约州失业保险覆盖的工人的平均周工资，由纽约州劳工部计算，并须于每年 3 月 31 日前报送金融服务监督官。,,,,calculators.rates.under-wcl-15-6-the
44,calculators.slu,citation,"Attorney Fee: Under WCL §24, attorneys are typically awarded 15% of the moving (new money) portion of any SLU award. This calculator shows the full breakdown: total value, prior deduction, moving amount, attorney fee (15%), and net to claimant.",律师费：依据 WCL §24，律师通常获得任何 SLU 赔偿金中新增金额（新增款项）部分的 15%。本计算器会显示完整明细：总价值、先前扣除、新增金额、律师费（15%）和索赔人净得金额。,,,,calculators.slu.attorney-fee-under-wcl-24
45,calculators.slu,citation,"Calculate Schedule Loss of Use benefits for extremity injuries under New York Workers' Compensation Law §15(3). Includes prior award deductions, attorney fee, and net to claimant.",根据《纽约州工伤赔偿法》§15(3) 计算肢体伤害的肢体功能丧失赔偿金。包含先前赔偿扣除、律师费和索赔人净得金额。,,,,calculators.slu.calculate-schedule-loss-of-use
46,calculators.slu,eligibility citation,"Disclaimer: This calculator is provided for informational purposes only and does not constitute legal advice. SLU calculations are based on current New York State Workers' Compensation Law §15(3) and Department of Financial Services regulations. Actual awards are determined by the Workers' Compensation Board and may vary based on medical evidence, hearing decisions, and specific case circumstances. Consult a qualified workers' compensation attorney for guidance on your specific case.",免责声明：本计算器仅供参考，不构成法律建议。SLU 的计算依据现行的《纽约州工伤赔偿法》§15(3) 及金融服务部的相关规定。实际赔偿金由工伤赔偿委员会（Workers' Compensation Board）确定，并可能因医疗证据、听证裁决和具体案情而有所不同。如需针对您具体案件的指导，请咨询合格的工伤赔偿律师。,,,,calculators.slu.disclaimer-this-calculator-is-provided
47,calculators.slu,citation,Generate a WCB fee application pre-filled with these results.,生成预填这些结果的 WCB 费用申请。,,,,calculators.slu.generate-a-wcb-fee-application
48,calculators.slu,citation,"An SLU award is a statutory workers' compensation award under WCL §15(3) that compensates permanent loss of use of an extremity, vision, or hearing. The law assigns each body part a maximum number of weeks; your award equals your percentage loss of use multiplied by those weeks, multiplied by your weekly rate.",SLU 赔偿金是依据 WCL §15(3) 的法定工伤赔偿金，用于赔偿肢体、视力或听力的永久性功能丧失。法律为每个身体部位设定了最高周数；您的赔偿金等于您的功能丧失百分比乘以这些周数，再乘以您的每周费率。,,,,calculators.slu.jsonld.an-slu-award-is-a
49,calculators.slu,citation,"Free NYS Schedule Loss of Use (SLU) calculator under WCL §15(3). Includes prior award deductions, attorney fee, and net to claimant.",纽约州肢体功能丧失赔偿（SLU）免费计算器，依据 WCL §15(3)。包含先前赔偿扣除、律师费和索赔人净得金额。,,,,calculators.slu.jsonld.free-nys-schedule-loss-of
50,calculators.slu,waiver citation,"Many injured workers call their SLU award a settlement, and the schedule of weeks by body part is often searched for as a settlement chart. Strictly, an SLU award is a statutory award driven by your percentage loss of use — different from a Section 32 settlement, which is a negotiated lump sum that closes the case.","许多受伤工人将他们的 SLU 赔偿金称为""和解""，按身体部位划分的周数表也常被搜索为""和解表""。严格来说，SLU 赔偿金是由您的功能丧失百分比决定的法定赔偿金 — 不同于 Section 32 和解，后者是通过谈判达成的一次性总额和解，用以结案。",,,,calculators.slu.jsonld.many-injured-workers-call-their
51,calculators.slu,eligibility,Which injuries qualify for SLU instead of LWEC?,哪些伤害符合 SLU 而非 LWEC 的适用条件？,,,,calculators.slu.jsonld.which-injuries-qualify-for-slu
52,calculators.slu,citation,"Many injured workers think of the SLU award as their ""settlement"" — if you've been searching for a NYS workers' comp settlement chart for an arm, hand, leg, or foot injury, the §15(3) schedule below is that chart, and this calculator turns it into a dollar estimate of your SLU settlement value.","许多受伤工人将 SLU 赔偿金视为他们的""和解"" — 如果您一直在寻找纽约州手臂、手、腿或脚受伤的工伤赔偿和解表，下方的 §15(3) 表格就是那张表，本计算器会将其转化为您 SLU 和解价值的美元估算。",,,,calculators.slu.many-injured-workers-think-of
53,calculators.slu,citation,"PHP = Prior weeks paid at the temporary total (healing) rate, which may be added to the SLU calculation depending on specific circumstances. This WCL §15(3) schedule is what many people mean by the ""NYS workers' comp settlement chart"" for schedule injuries.","PHP = 按暂时完全丧失劳动能力（康复期）费率已支付的先前周数，根据具体情况可计入 SLU 计算。这份 WCL §15(3) 表格就是许多人所说的表定伤害""纽约州工伤赔偿和解表""。",,,,calculators.slu.php-prior-weeks-paid-at
54,calculators.slu,citation,"Schedule Loss of Use (SLU) is a fixed benefit available to injured workers in New York State under Workers' Compensation Law §15(3). Unlike permanent partial disability benefits, SLU provides a predetermined number of weeks of benefits based on the specific body part injured and the degree of permanent loss of use.",肢体功能丧失赔偿（Schedule Loss of Use，SLU）是纽约州依据《工伤赔偿法》§15(3) 为受伤工人提供的固定赔偿金。与永久部分丧失劳动能力赔偿不同，SLU 根据受伤的具体身体部位和永久性功能丧失程度，提供预先确定周数的赔偿金。,,,,calculators.slu.schedule-loss-of-use-slu
55,calculators.slu-permanency-awards-under-wcl,citation,SLU permanency awards under WCL §15(3) for every body part. Includes the 2024 Permanency Guidelines update and award calculation by AWW × loss % × statutory weeks.,依据 WCL §15(3) 计算每个身体部位的 SLU 永久伤残赔偿金。包含 2024 年永久伤残指南更新，以及 AWW × 丧失百分比 × 法定周数的赔偿金计算。,,,,calculators.slu-permanency-awards-under-wcl
56,coming-soon,citation,"GPS detects when you travel to treatment. Automatically logs date, origin, destination, and round-trip mileage. Auto-fills your C-257 Travel Reimbursement form — print and submit.",GPS 会检测您前往治疗的出行。自动记录日期、出发地、目的地和往返里程。自动填写您的 C-257 交通报销表 — 打印并提交即可。,,,,coming-soon.gps-detects-when-you-travel
57,connect-with-attorney,filing,"Submit your case details and we'll connect you with a licensed NYS workers' compensation attorney. It's free, simple, and transparent.",提交您的案件详情，我们将为您联系一位持牌纽约州工伤赔偿律师。免费、简单、透明。,,,,connect-with-attorney.submit-your-case-details-and
58,connect-with-attorney,filing,"Submit your county, injury type, and case stage. No account needed. Your information stays private and is only shared with one participating attorney at a time.",提交您所在的县、受伤类型和案件阶段。无需账户。您的信息将保密，且每次只会与一位参与网络的律师共享。,,,,connect-with-attorney.submit-your-county-injury-type
59,disclaimer,eligibility,"Inclusion of any attorney in The Comp Desk's Find an Attorney directory is not an endorsement, recommendation, or certification of that attorney's qualifications or services.","任何律师被列入 The Comp Desk 的""寻找律师""名录，均不构成对该律师资质或服务的认可、推荐或认证。",,,,disclaimer.inclusion-of-any-attorney-in
60,disclaimer,eligibility,"The content, calculators, guides, and tools available on The Comp Desk (thecompdesk.com) are provided for general informational purposes only. Nothing on this site constitutes legal advice, legal opinion, or a substitute for consultation with a qualified attorney licensed in your jurisdiction.",The Comp Desk（thecompdesk.com）上提供的内容、计算器、指南和工具仅供一般参考之用。本网站上的任何内容均不构成法律建议、法律意见，也不能替代与您所在司法辖区持牌合格律师的咨询。,,,,disclaimer.the-content-calculators-guides-and
61,legal.privacy,obligation filing,"If a data breach affecting your personal information occurs, we will notify affected users and applicable authorities as required by law.",如果发生影响您个人信息的数据泄露事件，我们将依据法律要求通知受影响的用户和相关主管机关。,,,,legal.privacy.if-a-data-breach-affecting
62,legal.privacy,filing,"Our calculators run entirely in your browser; the wages, dates, and other figures you enter are processed on your device and are not transmitted to or stored on our servers. Separately, if you submit a contact form, request an attorney referral, create an account, or opt in to IME or hearing reminders, we collect the information you choose to provide. Depending on what you do, this may include your name, email address, phone number, and details about your potential workers' compensation matter, so that we can respond to you, route your request to a participating attorney, or send the reminders you requested.",我们的计算器完全在您的浏览器中运行；您输入的工资、日期及其他数字均在您的设备上处理，不会传输或存储到我们的服务器上。另外，如果您提交联系表单、申请律师转介、创建账户，或选择接收 IME 或听证会提醒，我们会收集您选择提供的信息。根据您的具体操作，这可能包括您的姓名、电子邮箱、电话号码，以及您潜在工伤赔偿事项的详情，以便我们回复您、将您的请求分派给参与律师，或发送您所请求的提醒。,,,,legal.privacy.our-calculators-run-entirely-in
63,legal.privacy,eligibility,"This policy covers the thecompdesk.com website, our mobile app and browser extension, our workers' compensation calculators, our contact and attorney-referral forms, our reminder features, and registered attorney accounts. It does not cover the practices of independent attorneys to whom you may be referred, who maintain their own privacy practices and become responsible for your information once it is shared with them.",本政策涵盖 thecompdesk.com 网站、我们的移动应用和浏览器扩展程序、我们的工伤赔偿计算器、我们的联系表单和律师转介表单、我们的提醒功能，以及注册律师账户。本政策不涵盖您可能被转介给的独立律师的做法，这些律师维持自己独立的隐私实践，一旦您的信息被分享给他们，他们即对该信息负责。,,,,legal.privacy.this-policy-covers-the-thecompdesk
64,legal.privacy,obligation,"We may disclose information if required by law, subpoena, or other legal process, or where we believe disclosure is necessary to protect our rights, your safety, or the safety of others.",在法律、传票或其他法律程序要求的情况下，或者我们认为为保护我们的权利、您的安全或他人安全而有必要披露信息时，我们可能会披露信息。,,,,legal.privacy.we-may-disclose-information-if
65,legal.privacy,filing,"We may update this Privacy Policy from time to time. Changes will be posted to this page with an updated ""Last updated"" date. For material changes, we will make reasonable efforts to notify registered users by email. Continued use of the Services after changes take effect constitutes acceptance of the revised policy.","我们可能会不时更新本隐私政策。更新内容将发布在本页面，并附上更新后的""最后更新""日期。对于重大变更，我们将尽合理努力通过电子邮件通知注册用户。变更生效后继续使用本服务，即表示您接受修订后的政策。",,,,legal.privacy.we-may-update-this-privacy
66,legal.privacy,obligation citation,"We retain aggregate analytics data for up to 24 months. Account data is retained while your account is active. Road to Recovery questionnaire answers and checklist progress are retained while your account is active and are deleted when your account is deleted; the general, de-identified roadmap explanations described in Section 3.6 contain no personal information and may be retained. Information you submit through a referral or contact form is retained as long as needed to provide the service you requested and as required by law, after which it is deleted or de-identified.",我们最多保留汇总分析数据 24 个月。账户数据在您的账户处于活跃状态期间予以保留。Road to Recovery 问卷回答和清单进度在您账户处于活跃状态期间予以保留，并在账户删除时一并删除；第 3.6 节所述的通用、去标识化路线图说明不含个人信息，可能会被保留。您通过转介或联系表单提交的信息，将在提供您所请求服务所需的期限内以及法律要求的期限内予以保留，此后将被删除或去标识化。,,,,legal.privacy.we-retain-aggregate-analytics-data
67,legal.privacy,deadline,You may request access to or correction of the personal information we hold about you by emailing privacy@thecompdesk.com. We will respond within 30 days.,您可以通过发送邮件至 privacy@thecompdesk.com 申请访问或更正我们持有的关于您的个人信息。我们将在 30 天内回复。,,,,legal.privacy.you-may-request-access-to
68,pricing,deadline,🎯Priority supportResponse within 1 business day,🎯优先支持1 个工作日内回复,,,,pricing.priority-support-response-within-1
69,settlement-calculator,citation,"Choose the injured body part from the WCL §15(3) schedule — arm, leg, hand, foot, finger, toe, eye, or ear.",从 WCL §15(3) 表中选择受伤的身体部位 — 手臂、腿、手、脚、手指、脚趾、眼或耳。,,,,settlement-calculator.choose-the-injured-body-part
70,settlement-calculator,citation,Compare your SLU award estimate against a potential Section 32 settlement to understand which path may be right for your situation.,将您的 SLU 赔偿金估算与潜在的 Section 32 和解进行比较，了解哪条路径可能更适合您的情况。,,,,settlement-calculator.compare-your-slu-award-estimate
71,settlement-calculator,citation,"Different body parts have different week schedules under WCL §15(3). An arm loss is worth more weeks than a finger loss. Non-scheduled injuries (back, neck) are evaluated differently and may support higher lump sums.",不同身体部位在 WCL §15(3) 下对应不同的周数表。手臂丧失对应的周数比手指丧失更多。非表定伤害（背部、颈部）的评估方式不同，可能支持更高的一次性总额。,,,,settlement-calculator.different-body-parts-have-different
72,settlement-calculator,citation,Estimate the value of your NYS workers' compensation settlement. Calculate Schedule Loss of Use (SLU) awards by body part under WCL §15(3) and explore whether a Section 32 settlement makes sense for your case.,估算您纽约州工伤赔偿和解的价值。依据 WCL §15(3) 按身体部位计算肢体功能丧失赔偿（SLU），并探讨 Section 32 和解是否适合您的案件。,,,,settlement-calculator.estimate-the-value-of-your
73,settlement-calculator,obligation eligibility waiver citation,"A Section 32 agreement is a voluntary settlement under Workers' Compensation Law §32 that allows the claimant and carrier to resolve the entire case with a lump-sum payment. Once approved by the Workers' Compensation Board, it closes the case permanently — including future medical benefits unless specifically excluded. Both parties must consent, and the Board reviews the agreement to ensure it is in the claimant's best interest.",Section 32 协议是依据《工伤赔偿法》§32 达成的自愿和解，允许索赔人和保险公司通过一次性付款解决整个案件。一经工伤赔偿委员会（Workers' Compensation Board）批准，该协议将永久结案 — 除非明确排除，否则也包括未来的医疗赔偿。双方均须同意，委员会将审查该协议以确保其符合索赔人的最佳利益。,,,,settlement-calculator.jsonld.a-section-32-agreement-is
74,settlement-calculator,citation,"Average workers' comp settlements in New York vary widely depending on the severity of the injury, the body part affected, and whether the claim involves Schedule Loss of Use or a classification injury. SLU settlements for a single extremity typically range from $10,000 to $150,000+ depending on the percentage of loss and the compensation rate at the time of injury. Section 32 settlements can be substantially higher or lower depending on negotiation and medical permanency findings. An experienced attorney can evaluate comparable cases to estimate your settlement value.","纽约州工伤赔偿的平均和解金额差异很大，取决于伤害的严重程度、受影响的身体部位，以及索赔涉及的是肢体功能丧失赔偿还是分类伤害。单一肢体的 SLU 和解通常在 $10,000 到 $150,000+ 之间，具体取决于丧失百分比和受伤时的赔偿费率。Section 32 和解可能因谈判和医疗永久性认定而大幅高于或低于此范围。经验丰富的律师可以评估可比案件，以估算您的和解价值。",,,,settlement-calculator.jsonld.average-workers-comp-settlements-in
75,settlement-calculator,waiver citation,"In New York, workers' compensation settlements are calculated based on the type of case. For Schedule Loss of Use (SLU) awards under WCL §15(3), the value equals the percentage of loss times the number of weeks assigned to that body part, multiplied by the claimant's compensation rate (2/3 of average weekly wage, capped at the statutory maximum). Section 32 settlements involve a lump-sum payment that closes the case entirely and are negotiated based on the present value of future benefits.",在纽约州，工伤赔偿和解根据案件类型进行计算。对于依据 WCL §15(3) 的肢体功能丧失赔偿（SLU），价值等于丧失百分比乘以该身体部位对应的周数，再乘以索赔人的赔偿费率（平均周工资的 2/3，并以法定最高额为上限）。Section 32 和解涉及一次性总额付款，用以彻底结案，其金额根据未来赔偿金的现值进行谈判确定。,,,,settlement-calculator.jsonld.in-new-york-workers-compensation
76,settlement-calculator,citation,"The timeline for a workers' comp settlement in New York depends on the case type. SLU awards are typically determined 1-3 years post-injury following maximum medical improvement (MMI). Section 32 settlements can take 6 months to several years to negotiate, depending on the complexity of the case, the strength of medical evidence, and the parties' positions. Once the settlement is signed and submitted to the Workers' Compensation Board, approval typically takes 1-2 weeks.",纽约州工伤赔偿和解的时间线取决于案件类型。SLU 赔偿金通常在受伤后 1 至 3 年内、达到医疗改善最大化（Maximum Medical Improvement，MMI）后确定。Section 32 和解的谈判可能需要 6 个月到数年不等，具体取决于案件的复杂程度、医疗证据的充分性以及各方的立场。一旦和解协议签署并提交给工伤赔偿委员会（Workers' Compensation Board），批准通常需要 1 至 2 周。,,,,settlement-calculator.jsonld.the-timeline-for-a-workers
77,settlement-calculator,citation,"The value of a NYS workers' compensation case depends on your average weekly wage, the body parts injured, the percentage of permanent impairment, your date of injury (which determines the maximum rate), and whether you have a Schedule Loss of Use (extremity) or classification (non-schedule) case. Use our free calculator to estimate SLU values, or consult with an attorney for a comprehensive case valuation including Section 32 settlement potential.",纽约州工伤赔偿案件的价值取决于您的平均周工资、受伤的身体部位、永久性损伤的百分比、您的受伤日期（决定最高费率），以及您的案件属于肢体功能丧失赔偿（肢体）还是分类（非表定）。使用我们的免费计算器估算 SLU 价值，或咨询律师以获得包括 Section 32 和解可能性在内的全面案件估值。,,,,settlement-calculator.jsonld.the-value-of-a-nys
78,settlement-calculator,citation,What is a Section 32 agreement in NYS workers' compensation?,在纽约州工伤赔偿中，什么是 Section 32 协议？,,,,settlement-calculator.jsonld.what-is-a-section-32
79,settlement-calculator,obligation,Must be approved by the Workers' Compensation Board,须经工伤赔偿委员会（Workers' Compensation Board）批准,,,,settlement-calculator.must-be-approved-by-the
80,settlement-calculator,citation,SLU Award (§15(3)),SLU 赔偿金（§15(3)）,,,,settlement-calculator.slu-award-15-3
81,settlement-calculator,citation,"The extent of future medical care needed affects Section 32 settlement negotiations. More ongoing treatment needs typically increase settlement value. Future surgery, therapy, or specialist care all factor into negotiation.",未来所需医疗护理的程度会影响 Section 32 和解谈判。持续治疗需求越多，通常会提高和解价值。未来的手术、治疗或专科护理都会纳入谈判考量。,,,,settlement-calculator.the-extent-of-future-medical
82,settlement-calculator,citation,"The value of a NYS workers' compensation case depends on your average weekly wage, the body parts injured, the percentage of permanent impairment, your date of injury (which determines the maximum rate), and whether you have a Schedule Loss of Use (extremity) or classification (non-schedule) case. Use our free calculator above to estimate SLU values, or consult with an attorney for a comprehensive case valuation including Section 32 settlement potential.",纽约州工伤赔偿案件的价值取决于您的平均周工资、受伤的身体部位、永久性损伤的百分比、您的受伤日期（决定最高费率），以及您的案件属于肢体功能丧失赔偿（肢体）还是分类（非表定）。使用上方的免费计算器估算 SLU 价值，或咨询律师以获得包括 Section 32 和解可能性在内的全面案件估值。,,,,settlement-calculator.the-value-of-a-nys
83,settlement-calculator,eligibility waiver,Typically closes medical benefits (unless carved out),通常会关闭医疗赔偿（除非另有排除）,,,,settlement-calculator.typically-closes-medical-benefits-unless
84,settlement-calculator,citation,What is a Section 32 agreement?,什么是 Section 32 协议？,,,,settlement-calculator.what-is-a-section-32
85,settlement-calculator,citation,"Younger claimants with limited work capacity may receive higher settlements because they have longer earning potential ahead. Age, residual functional capacity, and vocational prospects all influence Section 32 value significantly.",工作能力受限的年轻索赔人可能获得更高的和解金，因为他们未来的收入潜力更长。年龄、剩余功能能力和职业前景都会显著影响 Section 32 的价值。,,,,settlement-calculator.younger-claimants-with-limited-work
86,settlement-calculator,citation,Your date of injury determines which compensation rate applies. Older injuries use lower rates; newer injuries use higher current rates. This significantly impacts both SLU awards and Section 32 settlement value.,您的受伤日期决定适用哪种赔偿费率。较早的伤害使用较低的费率；较新的伤害使用较高的当前费率。这对 SLU 赔偿金和 Section 32 和解价值都有重大影响。,,,,settlement-calculator.your-date-of-injury-determines
87,tools.claim-filing,filing citation,"A step-by-step wizard that walks you through the WCB Form C-3 — the form that opens your New York workers' compensation case — in plain English, field by field. Answer simple questions and we build your signed, filing-ready PDF.",分步向导，用简明语言逐项引导您填写 WCB C-3 表格 — 这是开启您纽约州工伤赔偿案件的表格。回答简单的问题，我们将为您生成已签署、可直接提交的 PDF。,,,,tools.claim-filing.a-step-by-step-wizard
88,tools.claim-filing,filing citation,"Clear, current guidance on exactly how and where to file your completed C-3 with the WCB.",关于如何以及在哪里向 WCB 提交已完成的 C-3 表格的清晰、最新指引。,,,,tools.claim-filing.clear-current-guidance-on-exactly
89,tools.claim-filing,deadline filing eligibility,"Disclaimer. This tool is provided for informational purposes only and does not constitute legal advice. The Comp Desk is a software platform, not a law firm, and using the Claim Filing Wizard does not create an attorney-client relationship. Filing deadlines and requirements under New York Workers' Compensation Law vary by situation. For guidance on your specific claim, consult a qualified workers' compensation attorney.",免责声明。本工具仅供参考，不构成法律建议。The Comp Desk 是一个软件平台，不是律师事务所，使用索赔提交向导不会建立委托关系。《纽约州工伤赔偿法》下的提交截止日期和要求因具体情况而异。如需针对您具体索赔的指导，请咨询合格的工伤赔偿律师。,,,,tools.claim-filing.disclaimer-this-tool-is-provided
90,tools.claim-filing,citation,"Important: The Comp Desk is a software platform, not a law firm. This wizard helps you complete and understand the C-3 — it does not give legal advice or file on your behalf.",重要提示：The Comp Desk 是一个软件平台，不是律师事务所。本向导帮助您完成并理解 C-3 表格 — 不提供法律建议，也不代您提交。,,,,tools.claim-filing.important-the-comp-desk-is
91,tools.claim-filing,citation,Plain-English questions map to every section of the official WCB Form C-3 — no legalese to decode.,简明语言的问题对应官方 WCB C-3 表格的每个部分 — 无需破解任何法律术语。,,,,tools.claim-filing.plain-english-questions-map-to
92,tools.claim-filing,deadline citation,"The C-3 — Employee Claim is what actually opens your case with the New York Workers' Compensation Board. Until it's filed, the Board has no record of your claim. In most cases you have two years from the date of injury (or from when you knew the injury was work-related) to file — and incomplete or inconsistent answers can slow your claim down or invite a dispute.",C-3 — 雇员索赔是真正开启您在纽约州工伤赔偿委员会（Workers' Compensation Board）案件的表格。在提交之前，委员会没有您索赔的任何记录。在大多数情况下，您有自受伤之日起两年（或自您得知伤害与工作相关之日起两年）的时间提交 — 不完整或前后矛盾的回答可能会拖慢您的索赔进度，或引发争议。,,,,tools.claim-filing.the-c-3-employee-claim
93,tools.claim-filing,citation,The C-3 wizard is one piece of the puzzle.,C-3 向导只是拼图的一部分。,,,,tools.claim-filing.the-c-3-wizard-is
94,tools.find-doctor,citation,"All five — Manhattan, Brooklyn, Queens, the Bronx, and Staten Island. Pan and zoom are restricted to this region. Outside NYC? Use the NYS WCB provider search.",全部五个 — 曼哈顿、布鲁克林、皇后区、布朗克斯和史泰登岛。平移和缩放仅限于该区域。在纽约市以外？请使用纽约州 WCB 医疗提供者搜索。,,,,tools.find-doctor.all-five-manhattan-brooklyn-queens
95,tools.find-doctor,obligation eligibility,"Currently, yes. Apart from limited exceptions like emergency care, a provider who treats an injured worker in New York generally must be authorized by the Workers' Compensation Board. Governor Hochul's 2026 ""Universal Authorization"" proposal would remove that requirement for any eligible licensed provider in good standing, but it is not yet law — if enacted, it would take effect January 1, 2028.","目前是的。除紧急护理等有限例外情况外，在纽约州治疗受伤工人的医疗提供者通常必须获得工伤赔偿委员会（Workers' Compensation Board）的授权。霍楚州长 2026 年提出的""通用授权""提案将为任何符合条件、信誉良好的持牌医疗提供者取消这一要求，但该提案尚未成为法律 — 如获通过，将于 2028 年 1 月 1 日生效。",,,,tools.find-doctor.currently-yes-apart-from-limited
96,tools.find-doctor,citation,Does my doctor need to be WCB-authorized?,我的医生需要获得 WCB 授权吗？,,,,tools.find-doctor.does-my-doctor-need-to
97,tools.find-doctor,obligation citation,"Generally yes. For non-emergency treatment, you have the right to select your own treating physician, who currently must be WCB-authorized. If your employer is part of a Preferred Provider Organization (PPO), you may be required to see a PPO provider for the first 30 days. A WC attorney can confirm what applies in your case.",一般可以。对于非紧急治疗，您有权选择自己的主治医生，该医生目前必须获得 WCB 授权。如果您的雇主参与了优选医疗机构组织（PPO），您可能需要在最初 30 天内接受 PPO 医疗提供者的治疗。工伤赔偿律师可以为您确认适用于您案件的具体规定。,,,,tools.find-doctor.generally-yes-for-non-emergency
98,tools.find-doctor,eligibility citation,"Gov. Hochul's 2026 State of the State proposal (re-proposed after 2025) would let any eligible licensed provider in good standing treat workers'-compensation patients without separate WCB authorization. It is not yet law if enacted, it would take effect January 1, 2028. Until then, this map highlights providers experienced with WC cases. Read the WCB proposal",霍楚州长在2026 年州情咨文中提出的提案（继 2025 年后再次提出）将允许任何符合条件、信誉良好的持牌医疗提供者无需单独的 WCB 授权即可治疗工伤赔偿患者。该提案尚未成为法律 如获通过，将于2028 年 1 月 1 日生效。在此之前，本地图重点展示有工伤赔偿案件经验的医疗提供者。阅读 WCB 提案,,,,tools.find-doctor.gov-hochul-s-2026-state
99,tools.find-doctor,obligation eligibility,"Currently, yes. Apart from limited exceptions such as emergency care, a provider who treats an injured worker in New York generally must be authorized by the Workers' Compensation Board. Governor Hochul's 2026 'Universal Authorization' proposal would remove this requirement and allow any eligible licensed provider in good standing to treat workers' compensation patients, but it is not yet law; if enacted, it would take effect January 1, 2028. This directory focuses on providers experienced with workers' comp cases.","目前是的。除紧急护理等有限例外情况外，在纽约州治疗受伤工人的医疗提供者通常必须获得工伤赔偿委员会（Workers' Compensation Board）的授权。霍楚州长 2026 年提出的""通用授权""（Universal Authorization）提案将取消这一要求，允许任何符合条件、信誉良好的持牌医疗提供者治疗工伤赔偿患者，但该提案尚未成为法律；如获通过，将于 2028 年 1 月 1 日生效。本名录目前聚焦于有工伤赔偿案件经验的医疗提供者。",,,,tools.find-doctor.jsonld.currently-yes-apart-from-limited
100,tools.find-doctor,citation,Does my doctor need to be WCB-authorized to treat my workers' comp injury in New York?,在纽约州，我的医生需要获得 WCB 授权才能治疗我的工伤吗？,,,,tools.find-doctor.jsonld.does-my-doctor-need-to
101,tools.find-doctor,obligation citation,"Generally yes. For non-emergency treatment, you have the right to select your own treating physician, who currently must be WCB-authorized. For emergencies, you may be seen by whichever provider treats you. If your employer is part of a Preferred Provider Organization (PPO), you may be required to see a PPO provider for the first 30 days. Consult a workers' compensation attorney for case-specific guidance.",一般可以。对于非紧急治疗，您有权选择自己的主治医生，该医生目前必须获得 WCB 授权。对于紧急情况，您可以由当时接诊的任何医疗提供者救治。如果您的雇主参与了优选医疗机构组织（Preferred Provider Organization，PPO），您可能需要在最初 30 天内接受 PPO 医疗提供者的治疗。请咨询工伤赔偿律师获取针对您案件的具体指导。,,,,tools.find-doctor.jsonld.generally-yes-for-non-emergency
102,tools.find-doctor,citation,"Listed providers either (a) self-identify as accepting workers'-comp patients and have a history of WC billing under the WCB authorization regime, or (b) have been recommended by attorneys actively practicing WC in New York. We do not accept payment for placement.",被列入名录的医疗提供者要么（a）自我声明接受工伤赔偿患者，并在 WCB 授权体系下有工伤赔偿计费记录，要么（b）由在纽约州积极执业的工伤赔偿律师推荐。我们不接受任何列入名录的付费。,,,,tools.find-doctor.listed-providers-either-a-self
103,tools.find-doctor,citation,"Tap your injury to pull every WCB-authorized provider for it — the full Workers' Compensation Board list, narrowed to your area. Use ""Use my location"" or pick a borough first to sort by distance.","点击您的伤情，即可获取所有相关的 WCB 授权医疗提供者 — 工伤赔偿委员会（Workers' Compensation Board）的完整名单，缩小至您所在的区域。请先使用""使用我的位置""或选择一个行政区，以按距离排序。",,,,tools.find-doctor.tap-your-injury-to-pull
104,tools.ime-reminders,eligibility,"Disclaimer. This tool is provided for informational purposes only and does not constitute legal or medical advice. IME Reminders helps you stay organized and prepared, but cannot guarantee any outcome in your workers' compensation case. The results of your Independent Medical Examination are determined by the examining doctor's findings and the Workers' Compensation Board's evaluation. For guidance on your specific situation, consult a qualified workers' compensation attorney.",免责声明。本工具仅供参考，不构成法律或医疗建议。IME Reminders 帮助您保持条理、做好准备，但无法保证您工伤赔偿案件的任何结果。您独立医学鉴定的结果由检查医生的结论和工伤赔偿委员会（Workers' Compensation Board）的评估决定。如需针对您具体情况的指导，请咨询合格的工伤赔偿律师。,,,,tools.ime-reminders.disclaimer-this-tool-is-provided
105,tools.ime-reminders,filing,"Missing an IME without a valid medical reason can have serious consequences. Your benefits may be suspended, your case may be delayed, or a judge may decide issues based largely on the IME doctor's findings. Always notify the carrier and your attorney immediately if you cannot attend, and provide documentation if possible.",在没有正当医疗理由的情况下错过 IME，可能带来严重后果。您的赔偿金可能被暂停，案件可能被延误，或法官可能主要依据 IME 医生的结论来裁决相关问题。如果您无法出席，请务必立即通知保险公司和您的律师，并在可能的情况下提供相关证明。,,,,tools.ime-reminders.jsonld.missing-an-ime-without-a
106,tools.ime-reminders,filing,"Missing an IME without a valid reason can have serious consequences — your benefits may be suspended, your case may be delayed, or a judge may decide issues based largely on the IME doctor's findings. Always notify the carrier and your attorney immediately if you cannot attend, and provide documentation when possible.",在没有正当理由的情况下错过 IME，可能带来严重后果 — 您的赔偿金可能被暂停，案件可能被延误，或法官可能主要依据 IME 医生的结论来裁决相关问题。如果您无法出席，请务必立即通知保险公司和您的律师，并在可能的情况下提供相关证明。,,,,tools.ime-reminders.missing-an-ime-without-a
107,tools.learning,eligibility,"Disclaimer: This educational content is provided for informational purposes only and does not constitute legal or medical advice. For specific guidance regarding your individual case, please consult with a qualified attorney or medical professional.",免责声明：本教育内容仅供参考，不构成法律或医疗建议。如需针对您个人案件的具体指导，请咨询合格的律师或医疗专业人士。,,,,tools.learning.disclaimer-this-educational-content-is
108,tools.medical-travel,eligibility citation,"Disclaimer. This tool is provided for informational purposes only and does not constitute legal advice. The Medical Travel tracker helps you organize your expenses and prepare the C-257, but cannot guarantee that any expense will be reimbursed. Reimbursement is determined by the insurance carrier and the Workers' Compensation Board. Keep your original receipts, and for guidance on your specific situation consult a qualified workers' compensation attorney.",免责声明。本工具仅供参考，不构成法律建议。医疗与交通追踪器帮助您整理费用并准备 C-257，但无法保证任何费用都会获得报销。报销结果由保险公司和工伤赔偿委员会（Workers' Compensation Board）决定。请保留您的原始收据，如需针对您具体情况的指导，请咨询合格的工伤赔偿律师。,,,,tools.medical-travel.disclaimer-this-tool-is-provided
109,tools.medical-travel,citation,"Enter your start and the provider — we measure the driving distance and apply the WCB rate for that date, round trip by default.",输入您的出发点和医疗提供者 — 我们会测量行车距离，并应用该日期对应的 WCB 费率，默认按往返计算。,,,,tools.medical-travel.enter-your-start-and-the
110,tools.medical-travel,eligibility,"Every trip to your doctor, the pharmacy, physical therapy, or an Independent Medical Examination has a cost — and in a New York workers' compensation case, you're entitled to be paid back for it. That includes subway and bus fares, taxis and rideshares, mileage in your own car, tolls, parking, prescriptions, and medical supplies.",每一次前往医生、药房、物理治疗或独立医学鉴定的行程都会产生费用 — 而在纽约州工伤赔偿案件中，您有权获得报销。这包括地铁和公交车费、出租车和共享出行费用、自驾里程、通行费、停车费、处方药和医疗用品。,,,,tools.medical-travel.every-trip-to-your-doctor
111,tools.medical-travel,citation,How do I send my C-257 to the Board?,我该如何将我的 C-257 发送给委员会？,,,,tools.medical-travel.how-do-i-send-my
112,tools.medical-travel,citation,"If it was necessary to get to or pay for your authorized treatment, it likely belongs on your C-257.",如果这是您前往或支付授权治疗所必需的费用，很可能应列入您的 C-257。,,,,tools.medical-travel.if-it-was-necessary-to
113,tools.medical-travel,citation,"Important: The Comp Desk is a software platform, not a law firm. The Medical Travel tracker helps you organize your expenses and prepare your C-257 — it does not give legal advice or guarantee reimbursement in your case.",重要提示：The Comp Desk 是一个软件平台，不是律师事务所。医疗与交通追踪器帮助您整理费用并准备您的 C-257 — 不提供法律建议，也不保证您案件的报销结果。,,,,tools.medical-travel.important-the-comp-desk-is
114,tools.medical-travel,citation,How do I send my C-257 to the Workers' Compensation Board?,我该如何将我的 C-257 发送给工伤赔偿委员会（Workers' Compensation Board）？,,,,tools.medical-travel.jsonld.how-do-i-send-my
115,tools.medical-travel,citation,Medical & Travel Reimbursement (C-257) — The Comp Desk,医疗与交通报销（C-257）— The Comp Desk,,,,tools.medical-travel.jsonld.medical-travel-reimbursement-c-257
116,tools.medical-travel,citation,"Medical & Travel tracking is part of Comp Buddy, the injured-worker companion in The Comp Desk. Comp Buddy is $9.99 per month and includes the reimbursement tracker, the C-257 generator, accident and notice evidence, and more.",医疗与交通追踪是 Comp Buddy 的一部分，Comp Buddy 是 The Comp Desk 中为受伤工人打造的伴侣功能。Comp Buddy 每月 $9.99，包含报销追踪器、C-257 生成器、事故及通知证据等功能。,,,,tools.medical-travel.jsonld.medical-travel-tracking-is-part
117,tools.medical-travel,citation,"The C-257, Claimant's Record of Medical and Travel Expenses and Request for Reimbursement, is the official New York Workers' Compensation Board form you use to itemize your medical and travel expenses and request payment. The Comp Desk fills it in from the trips and receipts you log.",C-257，即索赔人医疗与交通费用记录及报销申请表，是纽约州工伤赔偿委员会（Workers' Compensation Board）的官方表格，用于详细列明您的医疗和交通费用并申请付款。The Comp Desk 会根据您记录的行程和收据自动填写该表格。,,,,tools.medical-travel.jsonld.the-c-257-claimant-s
118,tools.medical-travel,filing citation,The Comp Desk generates your completed C-257 and opens your device's email to the Board's filing address with the form and your receipts attached for you to review and send. You also serve a copy on the insurance carrier. The app never sends anything on its own — you always review and tap send.,The Comp Desk 会生成您已完成的 C-257，并打开您设备上的邮件应用，收件地址为委员会的提交邮箱，同时附上表格和收据，供您审阅和发送。您还需要向保险公司送达一份副本。本应用绝不会自行发送任何内容 — 您始终需要审阅并点击发送。,,,,tools.medical-travel.jsonld.the-comp-desk-generates-your
119,tools.medical-travel,citation,"Track subway and bus fares, rideshares, car mileage at the WCB rate, prescriptions, and medical supplies incurred traveling to and from treatment, then generate the C-257 Claimant's Record of Medical and Travel Expenses for the New York Workers' Compensation Board.",记录往返治疗过程中产生的地铁和公交车费、共享出行费用、按 WCB 费率计算的汽车里程、处方药和医疗用品，然后为纽约州工伤赔偿委员会（Workers' Compensation Board）生成 C-257 索赔人医疗与交通费用记录表。,,,,tools.medical-travel.jsonld.track-subway-and-bus-fares
120,tools.medical-travel,citation,"Yes — keep your original receipts for prescriptions, supplies, taxis, and rideshares. The Comp Desk lets you snap a photo or attach a PDF of each receipt so it is filed by date and ready to send with your C-257. Mileage in your own car does not need a receipt; it is calculated from the distance and the WCB rate.",是的 — 请保留处方药、用品、出租车和共享出行的原始收据。The Comp Desk 允许您为每张收据拍照或附加 PDF，以便按日期归档并随时与您的 C-257 一起发送。自驾里程无需收据；系统会根据距离和 WCB 费率自动计算。,,,,tools.medical-travel.jsonld.yes-keep-your-original-receipts
121,tools.medical-travel,citation,"Keep your original receipts for prescriptions, supplies, taxis, and rideshares. In the app you snap a photo or attach a PDF of each one so it's filed by date and sent with your C-257. Mileage in your own car doesn't need a receipt — it's calculated from the distance and the WCB rate.",请保留处方药、用品、出租车和共享出行的原始收据。在应用中，您可以为每一项拍照或附加 PDF，以便按日期归档并随您的 C-257 一起发送。自驾里程无需收据 — 系统会根据距离和 WCB 费率自动计算。,,,,tools.medical-travel.keep-your-original-receipts-for
122,tools.medical-travel,citation,Mileage in your own carReimbursed at the WCB rate in force on the date you drove — 72.5¢/mi in 2026.,自驾里程按您驾车当天有效的 WCB 费率报销 — 2026 年为 72.5¢/英里。,,,,tools.medical-travel.mileage-in-your-own-car
123,tools.medical-travel,citation,"Most injured workers never claim it, because the receipts pile up and the C-257 form feels like one more thing to figure out. The Medical Travel tracker keeps every expense together as you go and turns it into a filed-ready form, so the reimbursement you've earned doesn't slip away.",大多数受伤工人从未申请过，因为收据越堆越多，C-257 表格感觉又是一件要费心搞清楚的事。医疗与交通追踪器会随时把每一笔费用整理在一起，并将其转化为可直接提交的表格，让您应得的报销不会白白流失。,,,,tools.medical-travel.most-injured-workers-never-claim
124,tools.medical-travel,citation,Open your email to the WCB with the C-257 and your receipts attached. You always review and tap send — nothing goes out on its own.,打开发送给 WCB 的邮件，附上 C-257 和您的收据。您始终需要审阅并点击发送 — 不会有任何内容自行发出。,,,,tools.medical-travel.open-your-email-to-the
125,tools.medical-travel,citation,"The C-257, Claimant's Record of Medical and Travel Expenses and Request for Reimbursement, is the official Workers' Compensation Board form you use to itemize your medical and travel expenses and request payment. The Comp Desk fills it in from the trips and receipts you log and produces a ready-to-file copy.",C-257，即索赔人医疗与交通费用记录及报销申请表，是工伤赔偿委员会（Workers' Compensation Board）的官方表格，用于详细列明您的医疗和交通费用并申请付款。The Comp Desk 会根据您记录的行程和收据自动填写，并生成一份可直接提交的副本。,,,,tools.medical-travel.the-c-257-claimant-s
126,tools.medical-travel,filing citation,"The Comp Desk generates your completed C-257 and opens your device's email to the Board's filing address with the form and your receipts attached, for you to review and send. You also serve a copy on the insurance carrier. The app never sends anything on its own — you always review and tap send.",The Comp Desk 会生成您已完成的 C-257，并打开您设备上的邮件应用，收件地址为委员会的提交邮箱，同时附上表格和收据，供您审阅和发送。您还需要向保险公司送达一份副本。本应用绝不会自行发送任何内容 — 您始终需要审阅并点击发送。,,,,tools.medical-travel.the-comp-desk-generates-your
127,tools.medical-travel,citation,"Workers' comp reimburses your fares, mileage, and prescriptions going to and from care — most injured workers never claim it. Log a trip, snap a receipt, and Comp Buddy builds your C-257 to file with the Board.",工伤赔偿会报销您往返治疗的车费、里程和处方药费用 — 但大多数受伤工人从未申请过。记录一次行程、拍下一张收据，Comp Buddy 就会为您生成提交给委员会的 C-257。,,,,tools.medical-travel.workers-comp-reimburses-your-fares
128,tools.mileage,citation,Automatically track your travel to medical appointments and generate C-257 reimbursement forms. Calculate mileage expenses and maintain a travel log for your workers' compensation case.,自动追踪您前往医疗预约的行程，并生成 C-257 报销表格。为您的工伤赔偿案件计算里程费用并维护出行记录。,,,,tools.mileage.automatically-track-your-travel-to
129,tools.mileage,citation,Generate C-257 reimbursement forms automatically when you need them.,在您需要时自动生成 C-257 报销表格。,,,,tools.mileage.generate-c-257-reimbursement-forms
130,tools.utdm,deadline,"Deadlines tracked, alerts sent, compliance watched — so nothing slips by.",截止日期被追踪，提醒被发送，合规情况被监控 — 一切尽在掌握。,,,,tools.utdm.deadlines-tracked-alerts-sent-compliance
131,tools.utdm,deadline,Get alerts before reports are due — well ahead of any deadline.,在报告到期前提前获得提醒 — 远早于任何截止日期。,,,,tools.utdm.get-alerts-before-reports-are
132,tools.utdm,deadline,Free deadline-monitoring tool for upcoming Trial De Novo Motions on New York workers' compensation cases.,面向纽约州工伤赔偿案件中即将到来的重审动议的免费截止日期监控工具。,,,,tools.utdm.jsonld.free-deadline-monitoring-tool-for
133,tools.utdm,deadline,Stay ahead of your treatment deadlines.,提前掌握您的治疗截止日期。,,,,tools.utdm.stay-ahead-of-your-treatment
134,tools.utdm,deadline,Track treatment report deadlines so you always know what's due next.,追踪治疗报告截止日期，让您始终清楚下一项到期事项。,,,,tools.utdm.track-treatment-report-deadlines-so
135,tools.work-search,obligation,AI-powered job matching that respects your medical restrictions. Automatically generate work search logs required by the Workers' Compensation Board and find suitable employment opportunities.,AI 驱动的职位匹配，充分尊重您的医疗限制。自动生成工伤赔偿委员会（Workers' Compensation Board）要求的求职记录，并为您寻找合适的就业机会。,,,,tools.work-search.ai-powered-job-matching-that
136,tools.work-search,citation,Free AI-assisted work search log for New York workers' compensation claimants. Tracks the WCB-required job-search activities needed to maintain ongoing benefits.,面向纽约州工伤赔偿索赔人的免费 AI 辅助求职记录工具。追踪维持持续赔偿金所需的 WCB 要求求职活动。,,,,tools.work-search.jsonld.free-ai-assisted-work-search
137,tools.work-search,citation,Stay compliant with WCB requirements to help protect your benefits.,遵守 WCB 的要求，帮助保障您的赔偿金。,,,,tools.work-search.stay-compliant-with-wcb-requirements
138,worker,citation,Average Weekly WageWCL §14,平均周工资WCL §14,,,,worker.average-weekly-wage-wcl-14
139,worker,filing citation,File your Form C-3 — the form that opens your WCB case — guided field by field.,提交您的 C-3 表格 — 这是开启您 WCB 案件的表格 — 逐项引导填写。,,,,worker.file-your-form-c-3
140,worker,citation,Form C-3 · ClaimStep 3 / 4,C-3 表格 · 索赔第 3 / 4 步,,,,worker.form-c-3-claim-step
141,worker,deadline filing citation,"Report the injury, file the C-3, open your WCB case within the deadlines.",报告受伤情况，提交 C-3 表格，在截止日期前开启您的 WCB 案件。,,,,worker.report-the-injury-file-the
142,worker,citation,"Search the NYS WCB's authorized-provider directory by location, specialty, and body part — so your treatment actually counts toward your claim.",按地点、专科和身体部位搜索纽约州 WCB 授权医疗提供者名录 — 确保您的治疗真正计入索赔。,,,,worker.search-the-nys-wcb-s
143,worker,citation,Search the WCB-authorized provider directory so your treatment counts toward your claim.,搜索 WCB 授权医疗提供者名录，确保您的治疗计入索赔。,,,,worker.search-the-wcb-authorized-provider
144,worker,citation,"Section 32 settlements, closing your case, and what to negotiate.",Section 32 和解协议、结案，以及需要协商的事项。,,,,worker.section-32-settlements-closing-your
145,worker,citation,"SLU is a permanent award for extremity injuries (arms, legs, hands, feet, eyes, ears, fingers, toes) under WCL §15(3). The award equals your weekly rate × the statutory weeks for that body part × the percentage of loss assigned to your injury. More on SLU here.",SLU 是依据 WCL §15(3) 针对肢体伤害（手臂、腿、手、脚、眼睛、耳朵、手指、脚趾）的永久性赔偿。赔偿金额等于您的每周费率 × 该身体部位的法定周数 × 您受伤所判定的功能丧失百分比。了解更多关于 SLU 的信息。,,,,worker.slu-is-a-permanent-award
146,worker,deadline citation,"The C-3 is what opens your WCB case — and the deadlines are strict. Comp Buddy walks you through it field by field in plain English, so nothing gets missed.",C-3 表格是开启您 WCB 案件的关键 — 而且截止日期非常严格。Comp Buddy 会逐项引导您填写，用简明的语言，确保不遗漏任何内容。,,,,worker.the-c-3-is-what
147,worker,citation,"Workers' comp reimburses your fares, mileage, and prescriptions going to and from treatment — most workers never claim it. Scan a receipt, log a trip, and Comp Buddy builds your C-257.",工伤赔偿会报销您往返治疗的车费、里程和处方药费用 — 但大多数工人从未申请过。扫描收据、记录一次出行，Comp Buddy 就会为您生成 C-257 表格。,,,,worker.workers-comp-reimburses-your-fares
148,worker,citation,"Your AWW under WCL §14, your comp rate, weekly benefit payments.",根据 WCL §14 计算的 AWW、您的赔偿费率、每周赔偿金支付。,,,,worker.your-aww-under-wcl-14
149,worker,citation,"Your weekly check is two-thirds of your Average Weekly Wage. Our free calculator runs all four statutory methods under WCL §14 — and shows the number, cited.",您的每周支票为您平均周工资的三分之二。我们的免费计算器会运行 WCL §14 下的全部四种法定计算方法 — 并显示带引用依据的数字。,,,,worker.your-weekly-check-is-two
150,worker,citation,"Your weekly indemnity rate is two-thirds of your Average Weekly Wage (AWW), capped at the statutory maximum for your date of injury. AWW is calculated under WCL §14 using your earnings in the year before the injury — multiple statutory methods may apply depending on your work pattern. Our free AWW calculator shows you the number.",您的每周赔偿费率为您平均周工资（Average Weekly Wage，AWW）的三分之二，并以您受伤日期对应的法定最高额为上限。AWW 依据 WCL §14 计算，使用您受伤前一年的收入 — 根据您的工作模式，可能适用多种法定计算方法。我们的免费 AWW 计算器会为您计算出具体数字。,,,,worker.your-weekly-indemnity-rate-is
